model,classifier,nn_number,epochs,batch-size,learning-rate,optimizer,normalize-features,tense,voice,pronouns,named-entities,sentiment,pos-tags,dep-tags,sentences,domain,sentence-similarity,precision,recall,f1,accuracy
traditional,svm,-,-,-,-,-,-,+,+,+,+,+,+,-,-,+,-,0.7619392185238785,0.4212,0.5425038639876353,0.6448
traditional,svm,-,-,-,-,-,-,+,+,+,+,+,+,-,-,-,-,0.7364285714285714,0.4124,0.5287179487179486,0.6324
traditional,svm,-,-,-,-,-,-,+,+,+,+,+,-,-,-,+,-,0.6708603896103896,0.6612,0.6659951651893635,0.6684
traditional,svm,-,-,-,-,-,-,+,+,+,+,+,-,-,-,-,-,0.6619547657512116,0.6556,0.6587620578778134,0.6604
traditional,svm,-,-,-,-,-,-,+,+,+,+,-,+,-,-,+,-,0.7258805513016845,0.3792,0.49816079873883345,0.618
traditional,svm,-,-,-,-,-,-,+,+,+,+,-,+,-,-,-,-,0.698295033358043,0.3768,0.48947778643803586,0.607
traditional,svm,-,-,-,-,-,-,+,+,+,+,-,-,-,-,+,-,0.6428985507246376,0.8872,0.745546218487395,0.6972
traditional,svm,-,-,-,-,-,-,+,+,+,+,-,-,-,-,-,-,0.6359699769053118,0.8812,0.7387659289067741,0.6884
traditional,svm,-,-,-,-,-,-,+,+,+,-,+,+,-,-,+,-,0.7604017216642754,0.424,0.544427324088341,0.6452
traditional,svm,-,-,-,-,-,-,+,+,+,-,+,+,-,-,-,-,0.7368045649072753,0.4132,0.5294720656073809,0.6328
traditional,svm,-,-,-,-,-,-,+,+,+,-,+,-,-,-,+,-,0.6485507246376812,0.6444,0.6464686998394863,0.6476
traditional,svm,-,-,-,-,-,-,+,+,+,-,+,-,-,-,-,-,0.6516492357200322,0.648,0.6498194945848376,0.6508
traditional,svm,-,-,-,-,-,-,+,+,+,-,-,+,-,-,+,-,0.7268553940321346,0.38,0.4990806409246126,0.6186
traditional,svm,-,-,-,-,-,-,+,+,+,-,-,+,-,-,-,-,0.7009622501850481,0.3788,0.49182030641391844,0.6086
traditional,svm,-,-,-,-,-,-,+,+,+,-,-,-,-,-,+,-,0.6317469529889728,0.8708,0.7322569794820047,0.6816
traditional,svm,-,-,-,-,-,-,+,+,+,-,-,-,-,-,-,-,0.6336719883889695,0.8732,0.7343986543313707,0.6842
traditional,svm,-,-,-,-,-,-,+,+,-,+,+,+,-,-,+,-,0.7668356263577119,0.4236,0.5457356351455811,0.6474
traditional,svm,-,-,-,-,-,-,+,+,-,+,+,+,-,-,-,-,0.7310686482661005,0.4132,0.527983644262714,0.6306
traditional,svm,-,-,-,-,-,-,+,+,-,+,+,-,-,-,+,-,0.6644,0.6644,0.6644,0.6644
traditional,svm,-,-,-,-,-,-,+,+,-,+,+,-,-,-,-,-,0.6662655435218612,0.6644,0.6653314640496696,0.6658
traditional,svm,-,-,-,-,-,-,+,+,-,+,-,+,-,-,+,-,0.7296489917849142,0.3908,0.5089867152904403,0.623
traditional,svm,-,-,-,-,-,-,+,+,-,+,-,+,-,-,-,-,0.698821796759941,0.3796,0.4919647485743909,0.608
traditional,svm,-,-,-,-,-,-,+,+,-,+,-,-,-,-,+,-,0.6458635703918723,0.89,0.7485281749369217,0.701
traditional,svm,-,-,-,-,-,-,+,+,-,+,-,-,-,-,-,-,0.6435815705592581,0.8884,0.7464291715678036,0.6982
traditional,svm,-,-,-,-,-,-,+,+,-,-,+,+,-,-,+,-,0.7672910662824207,0.426,0.5478395061728395,0.6484
traditional,svm,-,-,-,-,-,-,+,+,-,-,+,+,-,-,-,-,0.7318634423897582,0.4116,0.5268817204301075,0.6304
traditional,svm,-,-,-,-,-,-,+,+,-,-,+,-,-,-,+,-,0.6527833400080096,0.652,0.6523914348609166,0.6526
traditional,svm,-,-,-,-,-,-,+,+,-,-,+,-,-,-,-,-,0.6568236233040702,0.6584,0.6576108669596483,0.6572
traditional,svm,-,-,-,-,-,-,+,+,-,-,-,+,-,-,+,-,0.7343867569601203,0.3904,0.5097936798119613,0.6246
traditional,svm,-,-,-,-,-,-,+,+,-,-,-,+,-,-,-,-,0.7000736919675755,0.38,0.49261083743842365,0.6086
traditional,svm,-,-,-,-,-,-,+,+,-,-,-,-,-,-,+,-,0.6325160537069469,0.8668,0.731353358083024,0.6816
traditional,svm,-,-,-,-,-,-,+,+,-,-,-,-,-,-,-,-,0.637430331475506,0.8692,0.7354882382805888,0.6874
traditional,svm,-,-,-,-,-,-,+,-,+,+,+,+,-,-,+,-,0.7635574837310195,0.4224,0.5439093484419264,0.6458
traditional,svm,-,-,-,-,-,-,+,-,+,+,+,+,-,-,-,-,0.7360226468506723,0.416,0.53156146179402,0.6334
traditional,svm,-,-,-,-,-,-,+,-,+,+,+,-,-,-,+,-,0.6408655846858095,0.616,0.6281868243932287,0.6354
traditional,svm,-,-,-,-,-,-,+,-,+,+,+,-,-,-,-,-,0.6319043693322342,0.6132,0.6224116930572472,0.628
traditional,svm,-,-,-,-,-,-,+,-,+,+,-,+,-,-,+,-,0.7247915087187263,0.3824,0.5006546216286987,0.6186
traditional,svm,-,-,-,-,-,-,+,-,+,+,-,+,-,-,-,-,0.6967694566813509,0.3796,0.4914552045572243,0.6072
traditional,svm,-,-,-,-,-,-,+,-,+,+,-,-,-,-,+,-,0.628281117696867,0.8904,0.7367201720999503,0.6818
traditional,svm,-,-,-,-,-,-,+,-,+,+,-,-,-,-,-,-,0.6280044717719396,0.8988,0.7393879565646595,0.6832
traditional,svm,-,-,-,-,-,-,+,-,+,-,+,+,-,-,+,-,0.7651296829971181,0.4248,0.5462962962962963,0.6472
traditional,svm,-,-,-,-,-,-,+,-,+,-,+,+,-,-,-,-,0.7380782918149467,0.4148,0.5311139564660692,0.6338
traditional,svm,-,-,-,-,-,-,+,-,+,-,+,-,-,-,+,-,0.6217637540453075,0.6148,0.6182622687047467,0.6204
traditional,svm,-,-,-,-,-,-,+,-,+,-,+,-,-,-,-,-,0.6224283985478015,0.6172,0.6198031733279774,0.6214
traditional,svm,-,-,-,-,-,-,+,-,+,-,-,+,-,-,+,-,0.7271341463414634,0.3816,0.5005246589716684,0.6192
traditional,svm,-,-,-,-,-,-,+,-,+,-,-,+,-,-,-,-,0.6967694566813509,0.3796,0.4914552045572243,0.6072
traditional,svm,-,-,-,-,-,-,+,-,+,-,-,-,-,-,+,-,0.6173012318029115,0.882,0.7262845849802372,0.6676
traditional,svm,-,-,-,-,-,-,+,-,+,-,-,-,-,-,-,-,0.6172181716208637,0.8804,0.725684141114408,0.6672
traditional,svm,-,-,-,-,-,-,+,-,-,+,+,+,-,-,+,-,0.7606344628695025,0.422,0.5428350913300746,0.6446
traditional,svm,-,-,-,-,-,-,+,-,-,+,+,+,-,-,-,-,0.732574679943101,0.412,0.5273937532002049,0.6308
traditional,svm,-,-,-,-,-,-,+,-,-,+,+,-,-,-,+,-,0.6509695290858726,0.658,0.6544658842251839,0.6526
traditional,svm,-,-,-,-,-,-,+,-,-,+,+,-,-,-,-,-,0.6488941548183255,0.6572,0.65302066772655,0.6508
traditional,svm,-,-,-,-,-,-,+,-,-,+,-,+,-,-,+,-,0.7315233785822021,0.388,0.5070569785676947,0.6228
traditional,svm,-,-,-,-,-,-,+,-,-,+,-,+,-,-,-,-,0.697503671071953,0.38,0.4919730709476955,0.6076
traditional,svm,-,-,-,-,-,-,+,-,-,+,-,-,-,-,+,-,0.6322453573438379,0.8988,0.7423191278493558,0.688
traditional,svm,-,-,-,-,-,-,+,-,-,+,-,-,-,-,-,-,0.6332772166105499,0.9028,0.7443931398416886,0.69
traditional,svm,-,-,-,-,-,-,+,-,-,-,+,+,-,-,+,-,0.7591660675772826,0.4224,0.5427910562837317,0.6442
traditional,svm,-,-,-,-,-,-,+,-,-,-,+,+,-,-,-,-,0.7324343506032647,0.4128,0.5280122793553338,0.631
traditional,svm,-,-,-,-,-,-,+,-,-,-,+,-,-,-,+,-,0.6314352574102964,0.6476,0.6394154818325434,0.6348
traditional,svm,-,-,-,-,-,-,+,-,-,-,+,-,-,-,-,-,0.6294992175273866,0.6436,0.6364715189873418,0.6324
traditional,svm,-,-,-,-,-,-,+,-,-,-,-,+,-,-,+,-,0.7338345864661654,0.3904,0.5096605744125327,0.6244
traditional,svm,-,-,-,-,-,-,+,-,-,-,-,+,-,-,-,-,0.697037037037037,0.3764,0.48883116883116884,0.6064
traditional,svm,-,-,-,-,-,-,+,-,-,-,-,-,-,-,+,-,0.6246830092983939,0.8868,0.733013721276244,0.677
traditional,svm,-,-,-,-,-,-,+,-,-,-,-,-,-,-,-,-,0.622853926259499,0.8852,0.7312076656203534,0.6746
traditional,svm,-,-,-,-,-,-,-,+,+,+,+,+,-,-,+,-,0.7570295602018745,0.42,0.5402624131721121,0.6426
traditional,svm,-,-,-,-,-,-,-,+,+,+,+,+,-,-,-,-,0.7320028510334996,0.4108,0.5262618498590828,0.6302
traditional,svm,-,-,-,-,-,-,-,+,+,+,+,-,-,-,+,-,0.6202105263157894,0.5892,0.6043076923076923,0.6142
traditional,svm,-,-,-,-,-,-,-,+,+,+,+,-,-,-,-,-,0.6135693215339233,0.5824,0.597578493741022,0.6078
traditional,svm,-,-,-,-,-,-,-,+,+,+,-,+,-,-,+,-,0.718773373223635,0.3844,0.5009121709669012,0.617
traditional,svm,-,-,-,-,-,-,-,+,+,+,-,+,-,-,-,-,0.6976573938506588,0.3812,0.49301603724780124,0.608
traditional,svm,-,-,-,-,-,-,-,+,+,+,-,-,-,-,+,-,0.6229244777718265,0.9304,0.7462303496952197,0.6836
traditional,svm,-,-,-,-,-,-,-,+,+,+,-,-,-,-,-,-,0.6210864329676211,0.9284,0.7442680776014109,0.681
traditional,svm,-,-,-,-,-,-,-,+,+,-,+,+,-,-,+,-,0.7588447653429603,0.4204,0.5410553410553411,0.6434
traditional,svm,-,-,-,-,-,-,-,+,+,-,+,+,-,-,-,-,0.7352313167259786,0.4132,0.5290653008962867,0.6322
traditional,svm,-,-,-,-,-,-,-,+,+,-,+,-,-,-,+,-,0.586918349429324,0.5348,0.559648388447049,0.5792
traditional,svm,-,-,-,-,-,-,-,+,+,-,+,-,-,-,-,-,0.5955594253373966,0.5472,0.5703564727954972,0.5878
traditional,svm,-,-,-,-,-,-,-,+,+,-,-,+,-,-,+,-,0.72110365398956,0.3868,0.5035147097110128,0.6186
traditional,svm,-,-,-,-,-,-,-,+,+,-,-,+,-,-,-,-,0.6969253294289898,0.3808,0.4924987066735644,0.6076
traditional,svm,-,-,-,-,-,-,-,+,+,-,-,-,-,-,+,-,0.6058139534883721,0.8336,0.7016835016835017,0.6456
traditional,svm,-,-,-,-,-,-,-,+,+,-,-,-,-,-,-,-,0.6082474226804123,0.8732,0.7170307111184102,0.6554
traditional,svm,-,-,-,-,-,-,-,+,-,+,+,+,-,-,+,-,0.7587188612099645,0.4264,0.5459667093469911,0.6454
traditional,svm,-,-,-,-,-,-,-,+,-,+,+,+,-,-,-,-,0.724841660802252,0.412,0.5253761795460342,0.6278
traditional,svm,-,-,-,-,-,-,-,+,-,+,+,-,-,-,+,-,0.6164327002477291,0.5972,0.6066639577407557,0.6128
traditional,svm,-,-,-,-,-,-,-,+,-,+,+,-,-,-,-,-,0.6211745244003308,0.6008,0.6108174054493696,0.6172
traditional,svm,-,-,-,-,-,-,-,+,-,+,-,+,-,-,+,-,0.7182890855457227,0.3896,0.5051867219917012,0.6184
traditional,svm,-,-,-,-,-,-,-,+,-,+,-,+,-,-,-,-,0.6924198250728864,0.38,0.49070247933884287,0.6056
traditional,svm,-,-,-,-,-,-,-,+,-,+,-,-,-,-,+,-,0.6257135091057352,0.9208,0.7451043858229487,0.685
traditional,svm,-,-,-,-,-,-,-,+,-,+,-,-,-,-,-,-,0.6248982912937348,0.9216,0.7447874575723291,0.6842
traditional,svm,-,-,-,-,-,-,-,+,-,-,+,+,-,-,+,-,0.7562189054726368,0.4256,0.5446634246224725,0.6442
traditional,svm,-,-,-,-,-,-,-,+,-,-,+,+,-,-,-,-,0.7245762711864406,0.4104,0.5240040858018385,0.6272
traditional,svm,-,-,-,-,-,-,-,+,-,-,+,-,-,-,+,-,0.5506391347099312,0.448,0.49404499338332597,0.5412
traditional,svm,-,-,-,-,-,-,-,+,-,-,+,-,-,-,-,-,0.6057733735458853,0.5624,0.5832814768720184,0.5982
traditional,svm,-,-,-,-,-,-,-,+,-,-,-,+,-,-,+,-,0.7202072538860104,0.3892,0.5053232926512594,0.619
traditional,svm,-,-,-,-,-,-,-,+,-,-,-,+,-,-,-,-,0.6952727272727273,0.3824,0.4934193548387097,0.6074
traditional,svm,-,-,-,-,-,-,-,+,-,-,-,-,-,-,+,-,0.6119929453262787,0.8328,0.7055235513385293,0.6524
traditional,svm,-,-,-,-,-,-,-,+,-,-,-,-,-,-,-,-,0.611965334078837,0.8756,0.7204212604903736,0.6602
traditional,svm,-,-,-,-,-,-,-,-,+,+,+,+,-,-,+,-,0.7556037599421548,0.418,0.538243626062323,0.6414
traditional,svm,-,-,-,-,-,-,-,-,+,+,+,+,-,-,-,-,0.7309608540925266,0.4108,0.5259923175416134,0.6298
traditional,svm,-,-,-,-,-,-,-,-,+,+,+,-,-,-,+,-,0.6182276354472911,0.5888,0.6031550911698422,0.6126
traditional,svm,-,-,-,-,-,-,-,-,+,+,+,-,-,-,-,-,0.6018062397372742,0.5864,0.594003241491086,0.5992
traditional,svm,-,-,-,-,-,-,-,-,+,+,-,+,-,-,+,-,0.7166293810589113,0.3844,0.5003905233012237,0.6162
traditional,svm,-,-,-,-,-,-,-,-,+,+,-,+,-,-,-,-,0.6937590711175616,0.3824,0.4930376482723053,0.6068
traditional,svm,-,-,-,-,-,-,-,-,+,+,-,-,-,-,+,-,0.6207616066770997,0.952,0.751499842121882,0.6852
traditional,svm,-,-,-,-,-,-,-,-,+,+,-,-,-,-,-,-,0.6220245880198797,0.9512,0.7521746006642417,0.6866
traditional,svm,-,-,-,-,-,-,-,-,+,-,+,+,-,-,+,-,0.7575976845151954,0.4188,0.5394126738794436,0.6424
traditional,svm,-,-,-,-,-,-,-,-,+,-,+,+,-,-,-,-,0.7320916905444126,0.4088,0.5246406570841888,0.6296
traditional,svm,-,-,-,-,-,-,-,-,+,-,+,-,-,-,+,-,0.5790849673202615,0.5316,0.5543274244004172,0.5726
traditional,svm,-,-,-,-,-,-,-,-,+,-,+,-,-,-,-,-,0.5996600084997875,0.5644,0.5814959818668864,0.5938
traditional,svm,-,-,-,-,-,-,-,-,+,-,-,+,-,-,+,-,0.7184466019417476,0.3848,0.5011721802552749,0.617
traditional,svm,-,-,-,-,-,-,-,-,+,-,-,+,-,-,-,-,0.6934201012292118,0.3836,0.49394797836724186,0.607
traditional,svm,-,-,-,-,-,-,-,-,+,-,-,-,-,-,+,-,0.6018545349174153,0.8308,0.698033943874979,0.6406
traditional,svm,-,-,-,-,-,-,-,-,+,-,-,-,-,-,-,-,0.6026165167620605,0.8844,0.7168098557302642,0.6506
traditional,svm,-,-,-,-,-,-,-,-,-,+,+,+,-,-,+,-,0.7566787003610108,0.4192,0.5395109395109394,0.6422
traditional,svm,-,-,-,-,-,-,-,-,-,+,+,+,-,-,-,-,0.7263610315186246,0.4056,0.5205338809034908,0.6264
traditional,svm,-,-,-,-,-,-,-,-,-,+,+,-,-,-,+,-,0.6113469702817445,0.6336,0.6222746022392458,0.6154
traditional,svm,-,-,-,-,-,-,-,-,-,+,+,-,-,-,-,-,0.6116578349735049,0.6464,0.6285492026448851,0.618
traditional,svm,-,-,-,-,-,-,-,-,-,+,-,+,-,-,+,-,0.7248520710059172,0.392,0.5088265835929386,0.6216
traditional,svm,-,-,-,-,-,-,-,-,-,+,-,+,-,-,-,-,0.6949152542372882,0.3772,0.4889810733730878,0.6058
traditional,svm,-,-,-,-,-,-,-,-,-,+,-,-,-,-,+,-,0.5187802156935664,0.558,0.5376758527654654,0.5202
traditional,svm,-,-,-,-,-,-,-,-,-,+,-,-,-,-,-,-,0.5829984544049459,0.7544,0.6577157802964254,0.6074
traditional,svm,-,-,-,-,-,-,-,-,-,-,+,+,-,-,+,-,0.7530509691313712,0.4196,0.5389160030824557,0.641
traditional,svm,-,-,-,-,-,-,-,-,-,-,+,+,-,-,-,-,0.7260371959942775,0.406,0.5207798871216008,0.6264
traditional,svm,-,-,-,-,-,-,-,-,-,-,+,-,-,-,+,-,0.5455840455840456,0.4596,0.4989144594007815,0.5384
traditional,svm,-,-,-,-,-,-,-,-,-,-,+,-,-,-,-,-,0.6078655975563192,0.6368,0.6219964836882204,0.613
traditional,svm,-,-,-,-,-,-,-,-,-,-,-,+,-,-,+,-,0.725925925925926,0.392,0.5090909090909091,0.622
traditional,svm,-,-,-,-,-,-,-,-,-,-,-,+,-,-,-,-,0.6967694566813509,0.3796,0.4914552045572243,0.6072
traditional,svm,-,-,-,-,-,-,-,-,-,-,-,-,-,-,+,-,0.5,0.4,0.4444444444444445,0.5
traditional,knn,-,-,-,-,-,-,+,+,+,+,+,+,-,-,+,-,0.7429519071310116,0.3584,0.48354020507285483,0.6172
traditional,knn,-,-,-,-,-,-,+,+,+,+,+,+,-,-,-,-,0.6579520697167756,0.2416,0.3534230544177882,0.558
traditional,knn,-,-,-,-,-,-,+,+,+,+,+,-,-,-,+,-,0.6500811249323959,0.4808,0.5527707518969878,0.611
traditional,knn,-,-,-,-,-,-,+,+,+,+,+,-,-,-,-,-,0.6562994201370586,0.498,0.5662952012735957,0.6186
traditional,knn,-,-,-,-,-,-,+,+,+,+,-,+,-,-,+,-,0.7178861788617886,0.3532,0.4734584450402145,0.6072
traditional,knn,-,-,-,-,-,-,+,+,+,+,-,+,-,-,-,-,0.6240913811007269,0.2404,0.34709789200115504,0.5478
traditional,knn,-,-,-,-,-,-,+,+,+,+,-,-,-,-,+,-,0.6246485473289597,0.5332,0.5753129046180405,0.6064
traditional,knn,-,-,-,-,-,-,+,+,+,+,-,-,-,-,-,-,0.6194420226678291,0.5684,0.5928243637880684,0.6096
traditional,knn,-,-,-,-,-,-,+,+,+,-,+,+,-,-,+,-,0.7415824915824916,0.3524,0.477765726681128,0.6148
traditional,knn,-,-,-,-,-,-,+,+,+,-,+,+,-,-,-,-,0.647982062780269,0.2312,0.3408018867924528,0.5528
traditional,knn,-,-,-,-,-,-,+,+,+,-,+,-,-,-,+,-,0.6291879613855764,0.4432,0.520065712274114,0.591
traditional,knn,-,-,-,-,-,-,+,+,+,-,+,-,-,-,-,-,0.640649554740702,0.4892,0.5547743252438194,0.6074
traditional,knn,-,-,-,-,-,-,+,+,+,-,-,+,-,-,+,-,0.7180114099429503,0.3524,0.47276629997316877,0.607
traditional,knn,-,-,-,-,-,-,+,+,+,-,-,+,-,-,-,-,0.6231101511879049,0.2308,0.33683596030356105,0.5456
traditional,knn,-,-,-,-,-,-,+,+,+,-,-,-,-,-,+,-,0.6010536398467433,0.502,0.5470793374019182,0.5844
traditional,knn,-,-,-,-,-,-,+,+,+,-,-,-,-,-,-,-,0.5923177651680489,0.5428,0.5664788144437487,0.5846
traditional,knn,-,-,-,-,-,-,+,+,-,+,+,+,-,-,+,-,0.7539893617021277,0.4536,0.5664335664335663,0.6528
traditional,knn,-,-,-,-,-,-,+,+,-,+,+,+,-,-,-,-,0.6914191419141914,0.3352,0.45150862068965514,0.5928
traditional,knn,-,-,-,-,-,-,+,+,-,+,+,-,-,-,+,-,0.6596774193548387,0.4908,0.5628440366972477,0.6188
traditional,knn,-,-,-,-,-,-,+,+,-,+,+,-,-,-,-,-,0.6551554020720276,0.5312,0.5867020101612548,0.6258
traditional,knn,-,-,-,-,-,-,+,+,-,+,-,+,-,-,+,-,0.7535780958307405,0.4844,0.5897248599951304,0.663
traditional,knn,-,-,-,-,-,-,+,+,-,+,-,+,-,-,-,-,0.6948102246320682,0.3588,0.47322606172513854,0.6006
traditional,knn,-,-,-,-,-,-,+,+,-,+,-,-,-,-,+,-,0.6218525179856115,0.5532,0.5855207451312447,0.6084
traditional,knn,-,-,-,-,-,-,+,+,-,+,-,-,-,-,-,-,0.6372705506783719,0.6388,0.6380343587694766,0.6376
traditional,knn,-,-,-,-,-,-,+,+,-,-,+,+,-,-,+,-,0.7520053475935828,0.45,0.5630630630630631,0.6508
traditional,knn,-,-,-,-,-,-,+,+,-,-,+,+,-,-,-,-,0.6913372582001682,0.3288,0.44564922743290863,0.591
traditional,knn,-,-,-,-,-,-,+,+,-,-,+,-,-,-,+,-,0.6367688022284123,0.4572,0.5322467986030268,0.5982
traditional,knn,-,-,-,-,-,-,+,+,-,-,+,-,-,-,-,-,0.6488980010251153,0.5064,0.5688609301280612,0.6162
traditional,knn,-,-,-,-,-,-,+,+,-,-,-,+,-,-,+,-,0.7523570081709616,0.4788,0.5851869958445367,0.6606
traditional,knn,-,-,-,-,-,-,+,+,-,-,-,+,-,-,-,-,0.6942277691107644,0.356,0.4706504494976203,0.5996
traditional,knn,-,-,-,-,-,-,+,+,-,-,-,-,-,-,+,-,0.5980573543015726,0.5172,0.5546975546975547,0.5848
traditional,knn,-,-,-,-,-,-,+,+,-,-,-,-,-,-,-,-,0.6082135523613963,0.5924,0.6002026342451875,0.6054
traditional,knn,-,-,-,-,-,-,+,-,+,+,+,+,-,-,+,-,0.7309602649006622,0.3532,0.47626752966558794,0.6116
traditional,knn,-,-,-,-,-,-,+,-,+,+,+,+,-,-,-,-,0.645091693635383,0.2392,0.3489932885906041,0.5538
traditional,knn,-,-,-,-,-,-,+,-,+,+,+,-,-,-,+,-,0.6327652556349642,0.4604,0.5329937485529057,0.5966
traditional,knn,-,-,-,-,-,-,+,-,+,+,+,-,-,-,-,-,0.6283748014822658,0.4748,0.5408976987924357,0.597
traditional,knn,-,-,-,-,-,-,+,-,+,+,-,+,-,-,+,-,0.7193263833199679,0.3588,0.4787830264211369,0.6094
traditional,knn,-,-,-,-,-,-,+,-,+,+,-,+,-,-,-,-,0.6240913811007269,0.2404,0.34709789200115504,0.5478
traditional,knn,-,-,-,-,-,-,+,-,+,+,-,-,-,-,+,-,0.5811732605729877,0.5112,0.543945520323473,0.5714
traditional,knn,-,-,-,-,-,-,+,-,+,+,-,-,-,-,-,-,0.5896774193548387,0.5484,0.5682901554404145,0.5834
traditional,knn,-,-,-,-,-,-,+,-,+,-,+,+,-,-,+,-,0.7296610169491525,0.3444,0.46793478260869564,0.6084
traditional,knn,-,-,-,-,-,-,+,-,+,-,+,+,-,-,-,-,0.6331828442437923,0.2244,0.3313644418192558,0.5472
traditional,knn,-,-,-,-,-,-,+,-,+,-,+,-,-,-,+,-,0.6096287703016241,0.4204,0.49763257575757586,0.5756
traditional,knn,-,-,-,-,-,-,+,-,+,-,+,-,-,-,-,-,0.6170100369783412,0.4672,0.531755064875939,0.5886
traditional,knn,-,-,-,-,-,-,+,-,+,-,-,+,-,-,+,-,0.7135882831570383,0.3508,0.470367390721373,0.605
traditional,knn,-,-,-,-,-,-,+,-,+,-,-,+,-,-,-,-,0.6202393906420022,0.228,0.3334308277274057,0.5442
traditional,knn,-,-,-,-,-,-,+,-,+,-,-,-,-,-,+,-,0.5656951743908266,0.4736,0.5155671674286959,0.555
traditional,knn,-,-,-,-,-,-,+,-,+,-,-,-,-,-,-,-,0.5658169661512745,0.5416,0.5534436950745963,0.563
traditional,knn,-,-,-,-,-,-,+,-,-,+,+,+,-,-,+,-,0.7577833125778332,0.4868,0.5927910375060886,0.6656
traditional,knn,-,-,-,-,-,-,+,-,-,+,+,+,-,-,-,-,0.702576112412178,0.36,0.4760645331922772,0.6038
traditional,knn,-,-,-,-,-,-,+,-,-,+,+,-,-,-,+,-,0.6300114547537228,0.44,0.5181347150259068,0.5908
traditional,knn,-,-,-,-,-,-,+,-,-,+,+,-,-,-,-,-,0.643011917659805,0.4748,0.5462494247583984,0.6056
traditional,knn,-,-,-,-,-,-,+,-,-,+,-,+,-,-,+,-,0.7600239377618193,0.508,0.6089666746583554,0.6738
traditional,knn,-,-,-,-,-,-,+,-,-,+,-,+,-,-,-,-,0.7062314540059347,0.3808,0.49480249480249483,0.6112
traditional,knn,-,-,-,-,-,-,+,-,-,+,-,-,-,-,+,-,0.5747663551401869,0.492,0.5301724137931034,0.564
traditional,knn,-,-,-,-,-,-,+,-,-,+,-,-,-,-,-,-,0.5634178905206942,0.5064,0.5333895091636823,0.557
traditional,knn,-,-,-,-,-,-,+,-,-,-,+,+,-,-,+,-,0.7547528517110266,0.4764,0.5841098577734183,0.6608
traditional,knn,-,-,-,-,-,-,+,-,-,-,+,+,-,-,-,-,0.6971887550200804,0.3472,0.46355140186915894,0.5982
traditional,knn,-,-,-,-,-,-,+,-,-,-,+,-,-,-,+,-,0.6189095127610209,0.4268,0.5052083333333334,0.582
traditional,knn,-,-,-,-,-,-,+,-,-,-,+,-,-,-,-,-,0.6206709956709957,0.4588,0.5275988960441582,0.5892
traditional,knn,-,-,-,-,-,-,+,-,-,-,-,+,-,-,+,-,0.7533252720677146,0.4984,0.5999037072701011,0.6676
traditional,knn,-,-,-,-,-,-,+,-,-,-,-,+,-,-,-,-,0.6982693754702785,0.3712,0.4847218594933403,0.6054
traditional,knn,-,-,-,-,-,-,+,-,-,-,-,-,-,-,+,-,0.5688539741219963,0.4924,0.5278730703259005,0.5596
traditional,knn,-,-,-,-,-,-,+,-,-,-,-,-,-,-,-,-,0.5336174242424242,0.4508,0.48872506504770163,0.5284
traditional,knn,-,-,-,-,-,-,-,+,+,+,+,+,-,-,+,-,0.7224489795918367,0.354,0.4751677852348994,0.609
traditional,knn,-,-,-,-,-,-,-,+,+,+,+,+,-,-,-,-,0.6251354279523293,0.2308,0.33713117148699967,0.5462
traditional,knn,-,-,-,-,-,-,-,+,+,+,+,-,-,-,+,-,0.632183908045977,0.462,0.533857175872429,0.5966
traditional,knn,-,-,-,-,-,-,-,+,+,+,+,-,-,-,-,-,0.628696604600219,0.4592,0.5307443365695793,0.594
traditional,knn,-,-,-,-,-,-,-,+,+,+,-,+,-,-,+,-,0.7101002313030069,0.3684,0.48511983144587834,0.609
traditional,knn,-,-,-,-,-,-,-,+,+,+,-,+,-,-,-,-,0.6142857142857143,0.2408,0.34597701149425286,0.5448
traditional,knn,-,-,-,-,-,-,-,+,+,+,-,-,-,-,+,-,0.5849056603773585,0.7192,0.6451381413706494,0.6044
traditional,knn,-,-,-,-,-,-,-,+,+,+,-,-,-,-,-,-,0.5919885550786839,0.8276,0.6902418682235195,0.6286
traditional,knn,-,-,-,-,-,-,-,+,+,-,+,+,-,-,+,-,0.7225,0.3468,0.46864864864864864,0.6068
traditional,knn,-,-,-,-,-,-,-,+,+,-,+,+,-,-,-,-,0.6252796420581656,0.2236,0.3294048320565704,0.5448
traditional,knn,-,-,-,-,-,-,-,+,+,-,+,-,-,-,+,-,0.6082654249126892,0.418,0.4954954954954955,0.5744
traditional,knn,-,-,-,-,-,-,-,+,+,-,+,-,-,-,-,-,0.604378003203417,0.4528,0.5177223873770866,0.5782
traditional,knn,-,-,-,-,-,-,-,+,+,-,-,+,-,-,+,-,0.7084664536741214,0.3548,0.47281449893390187,0.6044
traditional,knn,-,-,-,-,-,-,-,+,+,-,-,+,-,-,-,-,0.6104033970276008,0.23,0.33410807669959325,0.5416
traditional,knn,-,-,-,-,-,-,-,+,+,-,-,-,-,-,+,-,0.5737242740343953,0.814,0.6730610219943775,0.6046
traditional,knn,-,-,-,-,-,-,-,+,+,-,-,-,-,-,-,-,0.576473514051231,0.9272,0.7109339058426623,0.623
traditional,knn,-,-,-,-,-,-,-,+,-,+,+,+,-,-,+,-,0.7380804953560371,0.4768,0.5793438639125152,0.6538
traditional,knn,-,-,-,-,-,-,-,+,-,+,+,+,-,-,-,-,0.6702786377708978,0.3464,0.45675105485232065,0.588
traditional,knn,-,-,-,-,-,-,-,+,-,+,+,-,-,-,+,-,0.640704945992041,0.4508,0.5292322141347734,0.599
traditional,knn,-,-,-,-,-,-,-,+,-,+,+,-,-,-,-,-,0.6397648316408338,0.4788,0.5477007549759781,0.6046
traditional,knn,-,-,-,-,-,-,-,+,-,+,-,+,-,-,+,-,0.7318668252080857,0.4924,0.5887135341941654,0.656
traditional,knn,-,-,-,-,-,-,-,+,-,+,-,+,-,-,-,-,0.657973174366617,0.3532,0.4596564289432587,0.5848
traditional,knn,-,-,-,-,-,-,-,+,-,+,-,-,-,-,+,-,0.5699631772751184,0.8668,0.6877181847032688,0.6064
traditional,knn,-,-,-,-,-,-,-,+,-,+,-,-,-,-,-,-,0.5683470673776054,0.938,0.7078176878961665,0.6128
traditional,knn,-,-,-,-,-,-,-,+,-,-,+,+,-,-,+,-,0.7396562698917887,0.4648,0.5708671088184721,0.6506
traditional,knn,-,-,-,-,-,-,-,+,-,-,+,+,-,-,-,-,0.6733067729083665,0.338,0.4500665778961385,0.587
traditional,knn,-,-,-,-,-,-,-,+,-,-,+,-,-,-,+,-,0.6057692307692307,0.4284,0.5018744142455482,0.5748
traditional,knn,-,-,-,-,-,-,-,+,-,-,+,-,-,-,-,-,0.6042864610559331,0.4624,0.5239066394742806,0.5798
traditional,knn,-,-,-,-,-,-,-,+,-,-,-,+,-,-,+,-,0.7341849148418491,0.4828,0.5825289575289576,0.654
traditional,knn,-,-,-,-,-,-,-,+,-,-,-,+,-,-,-,-,0.6648731744811683,0.346,0.45514338332017884,0.5858
traditional,knn,-,-,-,-,-,-,-,+,-,-,-,-,-,-,+,-,0.5451154115178364,0.9352,0.6887612314037415,0.5774
traditional,knn,-,-,-,-,-,-,-,+,-,-,-,-,-,-,-,-,0.5465604954656049,0.9884,0.7038883349950149,0.5842
traditional,knn,-,-,-,-,-,-,-,-,+,+,+,+,-,-,+,-,0.7184466019417476,0.3552,0.47537473233404715,0.608
traditional,knn,-,-,-,-,-,-,-,-,+,+,+,+,-,-,-,-,0.6270270270270271,0.232,0.3386861313868614,0.547
traditional,knn,-,-,-,-,-,-,-,-,+,+,+,-,-,-,+,-,0.6282782212086659,0.4408,0.5181006111894687,0.59
traditional,knn,-,-,-,-,-,-,-,-,+,+,+,-,-,-,-,-,0.6153846153846154,0.4608,0.5269899359560842,0.5864
traditional,knn,-,-,-,-,-,-,-,-,+,+,-,+,-,-,+,-,0.7089093701996928,0.3692,0.4855339295107839,0.6088
traditional,knn,-,-,-,-,-,-,-,-,+,+,-,+,-,-,-,-,0.6053169734151329,0.2368,0.3404255319148936,0.5412
traditional,knn,-,-,-,-,-,-,-,-,+,+,-,-,-,-,+,-,0.5545142857142857,0.9704,0.7057454545454545,0.5954
traditional,knn,-,-,-,-,-,-,-,-,+,+,-,-,-,-,-,-,0.5474662535959283,0.9896,0.7049437241772332,0.5858
traditional,knn,-,-,-,-,-,-,-,-,+,-,+,+,-,-,+,-,0.7196339434276207,0.346,0.4673149648838466,0.6056
traditional,knn,-,-,-,-,-,-,-,-,+,-,+,+,-,-,-,-,0.6218302094818081,0.2256,0.3310830642794247,0.5442
traditional,knn,-,-,-,-,-,-,-,-,+,-,+,-,-,-,+,-,0.6007005253940455,0.4116,0.4884880132921908,0.569
traditional,knn,-,-,-,-,-,-,-,-,+,-,+,-,-,-,-,-,0.6068928379106086,0.4508,0.5173284369979344,0.5794
traditional,knn,-,-,-,-,-,-,-,-,+,-,-,+,-,-,+,-,0.7011041009463722,0.3556,0.4718683651804671,0.602
traditional,knn,-,-,-,-,-,-,-,-,+,-,-,+,-,-,-,-,0.6050156739811913,0.2316,0.33497251952560025,0.5402
traditional,knn,-,-,-,-,-,-,-,-,+,-,-,-,-,-,+,-,0.522029651284193,1.0,0.6859651529702291,0.5422
traditional,knn,-,-,-,-,-,-,-,-,+,-,-,-,-,-,-,-,0.5112474437627812,1.0,0.6765899864682002,0.522
traditional,knn,-,-,-,-,-,-,-,-,-,+,+,+,-,-,+,-,0.7298980747451869,0.5156,0.604313173933427,0.6624
traditional,knn,-,-,-,-,-,-,-,-,-,+,+,+,-,-,-,-,0.6608315098468271,0.3624,0.46809609919917333,0.5882
traditional,knn,-,-,-,-,-,-,-,-,-,+,+,-,-,-,+,-,0.6148105625717566,0.4284,0.5049504950495051,0.58
traditional,knn,-,-,-,-,-,-,-,-,-,+,+,-,-,-,-,-,0.6148613291470434,0.47,0.532759011562004,0.5878
traditional,knn,-,-,-,-,-,-,-,-,-,+,-,+,-,-,+,-,0.7215189873417721,0.5472,0.6223839854413104,0.668
traditional,knn,-,-,-,-,-,-,-,-,-,+,-,+,-,-,-,-,0.6484848484848484,0.3852,0.48331242158092846,0.5882
traditional,knn,-,-,-,-,-,-,-,-,-,+,-,-,-,-,+,-,0.508768352365416,0.998,0.6739600216099405,0.5172
traditional,knn,-,-,-,-,-,-,-,-,-,+,-,-,-,-,-,-,0.5063855665923374,0.9992,0.6721377640252926,0.5126
traditional,knn,-,-,-,-,-,-,-,-,-,-,+,+,-,-,+,-,0.7370242214532872,0.5112,0.6036844591402928,0.6644
traditional,knn,-,-,-,-,-,-,-,-,-,-,+,+,-,-,-,-,0.6622613803230544,0.3608,0.4671154842050751,0.5884
traditional,knn,-,-,-,-,-,-,-,-,-,-,+,-,-,-,+,-,0.5751445086705202,0.4776,0.5218531468531469,0.5624
traditional,knn,-,-,-,-,-,-,-,-,-,-,+,-,-,-,-,-,0.5904761904761905,0.4216,0.49194865810968497,0.5646
traditional,knn,-,-,-,-,-,-,-,-,-,-,-,+,-,-,+,-,0.723175965665236,0.5392,0.617781851512374,0.6664
traditional,knn,-,-,-,-,-,-,-,-,-,-,-,+,-,-,-,-,0.6537678207739308,0.3852,0.48477221243392904,0.5906
traditional,knn,-,-,-,-,-,-,-,-,-,-,-,-,-,-,+,-,0.5,1.0,0.6666666666666666,0.5
traditional,naive-bayes,-,-,-,-,-,-,+,+,+,+,+,+,-,-,+,-,0.5616221114635251,0.9916,0.7170957477581718,0.6088
traditional,naive-bayes,-,-,-,-,-,-,+,+,+,+,+,+,-,-,-,-,0.5616221114635251,0.9916,0.7170957477581718,0.6088
traditional,naive-bayes,-,-,-,-,-,-,+,+,+,+,+,-,-,-,+,-,0.57093265447813,0.9868,0.7233543468699604,0.6226
traditional,naive-bayes,-,-,-,-,-,-,+,+,+,+,+,-,-,-,-,-,0.57093265447813,0.9868,0.7233543468699604,0.6226
traditional,naive-bayes,-,-,-,-,-,-,+,+,+,+,-,+,-,-,+,-,0.5614949037372593,0.9916,0.716992046276211,0.6086
traditional,naive-bayes,-,-,-,-,-,-,+,+,+,+,-,+,-,-,-,-,0.5614949037372593,0.9916,0.716992046276211,0.6086
traditional,naive-bayes,-,-,-,-,-,-,+,+,+,+,-,-,-,-,+,-,0.5683453237410072,0.9796,0.719342047290351,0.6178
traditional,naive-bayes,-,-,-,-,-,-,+,+,+,+,-,-,-,-,-,-,0.5682451253481894,0.9792,0.7191539365452408,0.6176
traditional,naive-bayes,-,-,-,-,-,-,+,+,+,-,+,+,-,-,+,-,0.56146705908988,0.992,0.7170738759577852,0.6086
traditional,naive-bayes,-,-,-,-,-,-,+,+,+,-,+,+,-,-,-,-,0.56146705908988,0.992,0.7170738759577852,0.6086
traditional,naive-bayes,-,-,-,-,-,-,+,+,+,-,+,-,-,-,+,-,0.5702402957486137,0.9872,0.7229056824838898,0.6216
traditional,naive-bayes,-,-,-,-,-,-,+,+,+,-,+,-,-,-,-,-,0.5703395703395704,0.9876,0.7230926929272222,0.6218
traditional,naive-bayes,-,-,-,-,-,-,+,+,+,-,-,+,-,-,+,-,0.5609866485630233,0.9916,0.716577540106952,0.6078
traditional,naive-bayes,-,-,-,-,-,-,+,+,+,-,-,+,-,-,-,-,0.5609866485630233,0.9916,0.716577540106952,0.6078
traditional,naive-bayes,-,-,-,-,-,-,+,+,+,-,-,-,-,-,+,-,0.5659810492257915,0.9796,0.71744543723451,0.6142
traditional,naive-bayes,-,-,-,-,-,-,+,+,+,-,-,-,-,-,-,-,0.5661118816458622,0.9796,0.7175505420451215,0.6144
traditional,naive-bayes,-,-,-,-,-,-,+,+,-,+,+,+,-,-,+,-,0.5614949037372593,0.9916,0.716992046276211,0.6086
traditional,naive-bayes,-,-,-,-,-,-,+,+,-,+,+,+,-,-,-,-,0.5614949037372593,0.9916,0.716992046276211,0.6086
traditional,naive-bayes,-,-,-,-,-,-,+,+,-,+,+,-,-,-,+,-,0.5714616631920315,0.9868,0.7237787883233094,0.6234
traditional,naive-bayes,-,-,-,-,-,-,+,+,-,+,+,-,-,-,-,-,0.5714616631920315,0.9868,0.7237787883233094,0.6234
traditional,naive-bayes,-,-,-,-,-,-,+,+,-,+,-,+,-,-,+,-,0.5616221114635251,0.9916,0.7170957477581718,0.6088
traditional,naive-bayes,-,-,-,-,-,-,+,+,-,+,-,+,-,-,-,-,0.5614949037372593,0.9916,0.716992046276211,0.6086
traditional,naive-bayes,-,-,-,-,-,-,+,+,-,+,-,-,-,-,+,-,0.5683085501858736,0.9784,0.7189888300999412,0.6176
traditional,naive-bayes,-,-,-,-,-,-,+,+,-,+,-,-,-,-,-,-,0.5680445889456572,0.9784,0.7187775492212753,0.6172
traditional,naive-bayes,-,-,-,-,-,-,+,+,-,-,+,+,-,-,+,-,0.56146705908988,0.992,0.7170738759577852,0.6086
traditional,naive-bayes,-,-,-,-,-,-,+,+,-,-,+,+,-,-,-,-,0.5613399728383884,0.992,0.7169702226076902,0.6084
traditional,naive-bayes,-,-,-,-,-,-,+,+,-,-,+,-,-,-,+,-,0.5702727693018955,0.9868,0.7228244945795489,0.6216
traditional,naive-bayes,-,-,-,-,-,-,+,+,-,-,+,-,-,-,-,-,0.5704046242774566,0.9868,0.7229304029304029,0.6218
traditional,naive-bayes,-,-,-,-,-,-,+,+,-,-,-,+,-,-,+,-,0.561014263074485,0.9912,0.7164955905739482,0.6078
traditional,naive-bayes,-,-,-,-,-,-,+,+,-,-,-,+,-,-,-,-,0.5609866485630233,0.9916,0.716577540106952,0.6078
traditional,naive-bayes,-,-,-,-,-,-,+,+,-,-,-,-,-,-,+,-,0.5663040962740107,0.9788,0.7174901040903093,0.6146
traditional,naive-bayes,-,-,-,-,-,-,+,+,-,-,-,-,-,-,-,-,0.5661424606845513,0.9792,0.7174677608440797,0.6144
traditional,naive-bayes,-,-,-,-,-,-,+,-,+,+,+,+,-,-,+,-,0.5620040807073226,0.9916,0.7174070322673998,0.6094
traditional,naive-bayes,-,-,-,-,-,-,+,-,+,+,+,+,-,-,-,-,0.5620040807073226,0.9916,0.7174070322673998,0.6094
traditional,naive-bayes,-,-,-,-,-,-,+,-,+,+,+,-,-,-,+,-,0.5739658798784762,0.9824,0.7245906475881397,0.6266
traditional,naive-bayes,-,-,-,-,-,-,+,-,+,+,+,-,-,-,-,-,0.5737972909855208,0.9828,0.724565025066352,0.6264
traditional,naive-bayes,-,-,-,-,-,-,+,-,+,+,-,+,-,-,+,-,0.5617773747449558,0.9912,0.7171176385472435,0.609
traditional,naive-bayes,-,-,-,-,-,-,+,-,+,+,-,+,-,-,-,-,0.5617773747449558,0.9912,0.7171176385472435,0.609
traditional,naive-bayes,-,-,-,-,-,-,+,-,+,+,-,-,-,-,+,-,0.569821930646673,0.9728,0.7186761229314421,0.6192
traditional,naive-bayes,-,-,-,-,-,-,+,-,+,+,-,-,-,-,-,-,0.569821930646673,0.9728,0.7186761229314421,0.6192
traditional,naive-bayes,-,-,-,-,-,-,+,-,+,-,+,+,-,-,+,-,0.5621033544877606,0.992,0.7175925925925926,0.6096
traditional,naive-bayes,-,-,-,-,-,-,+,-,+,-,+,+,-,-,-,-,0.5621033544877606,0.992,0.7175925925925926,0.6096
traditional,naive-bayes,-,-,-,-,-,-,+,-,+,-,+,-,-,-,+,-,0.5727633730436814,0.9808,0.7231971685592097,0.6246
traditional,naive-bayes,-,-,-,-,-,-,+,-,+,-,+,-,-,-,-,-,0.5724959140789166,0.9808,0.722983930414271,0.6242
traditional,naive-bayes,-,-,-,-,-,-,+,-,+,-,-,+,-,-,+,-,0.5613955595831446,0.9912,0.7168064796065953,0.6084
traditional,naive-bayes,-,-,-,-,-,-,+,-,+,-,-,+,-,-,-,-,0.5612684031710079,0.9912,0.716702819956616,0.6082
traditional,naive-bayes,-,-,-,-,-,-,+,-,+,-,-,-,-,-,+,-,0.5681605975723623,0.9736,0.7175707547169812,0.6168
traditional,naive-bayes,-,-,-,-,-,-,+,-,+,-,-,-,-,-,-,-,0.5684259691732835,0.9736,0.7177823650840459,0.6172
traditional,naive-bayes,-,-,-,-,-,-,+,-,-,+,+,+,-,-,+,-,0.5621315192743764,0.9916,0.7175108538350218,0.6096
traditional,naive-bayes,-,-,-,-,-,-,+,-,-,+,+,+,-,-,-,-,0.5621315192743764,0.9916,0.7175108538350218,0.6096
traditional,naive-bayes,-,-,-,-,-,-,+,-,-,+,+,-,-,-,+,-,0.5742388758782201,0.9808,0.7243722304283604,0.6268
traditional,naive-bayes,-,-,-,-,-,-,+,-,-,+,+,-,-,-,-,-,0.5746426060464026,0.9808,0.7246933648588739,0.6274
traditional,naive-bayes,-,-,-,-,-,-,+,-,-,+,-,+,-,-,+,-,0.5617773747449558,0.9912,0.7171176385472435,0.609
traditional,naive-bayes,-,-,-,-,-,-,+,-,-,+,-,+,-,-,-,-,0.5617773747449558,0.9912,0.7171176385472435,0.609
traditional,naive-bayes,-,-,-,-,-,-,+,-,-,+,-,-,-,-,+,-,0.5699882766705744,0.9724,0.71869918699187,0.6194
traditional,naive-bayes,-,-,-,-,-,-,+,-,-,+,-,-,-,-,-,-,0.5697211155378487,0.9724,0.7184867740505394,0.619
traditional,naive-bayes,-,-,-,-,-,-,+,-,-,-,+,+,-,-,+,-,0.5621033544877606,0.992,0.7175925925925926,0.6096
traditional,naive-bayes,-,-,-,-,-,-,+,-,-,-,+,+,-,-,-,-,0.5621033544877606,0.992,0.7175925925925926,0.6096
traditional,naive-bayes,-,-,-,-,-,-,+,-,-,-,+,-,-,-,+,-,0.5721649484536082,0.9768,0.7216312056737588,0.6232
traditional,naive-bayes,-,-,-,-,-,-,+,-,-,-,+,-,-,-,-,-,0.5722990391375674,0.9768,0.7217378454263337,0.6234
traditional,naive-bayes,-,-,-,-,-,-,+,-,-,-,-,+,-,-,+,-,0.5615227736233854,0.9912,0.7169101692463473,0.6086
traditional,naive-bayes,-,-,-,-,-,-,+,-,-,-,-,+,-,-,-,-,0.5615227736233854,0.9912,0.7169101692463473,0.6086
traditional,naive-bayes,-,-,-,-,-,-,+,-,-,-,-,-,-,-,+,-,0.5685219831618334,0.9724,0.7175324675324675,0.6172
traditional,naive-bayes,-,-,-,-,-,-,+,-,-,-,-,-,-,-,-,-,0.5678579771081523,0.9724,0.7170033918301135,0.6162
traditional,naive-bayes,-,-,-,-,-,-,-,+,+,+,+,+,-,-,+,-,0.5592149785698173,0.9916,0.7151305351218809,0.605
traditional,naive-bayes,-,-,-,-,-,-,-,+,+,+,+,+,-,-,-,-,0.5590888588182228,0.9916,0.715027401211422,0.6048
traditional,naive-bayes,-,-,-,-,-,-,-,+,+,+,+,-,-,-,+,-,0.5652173913043478,0.9828,0.7176865780633854,0.6134
traditional,naive-bayes,-,-,-,-,-,-,-,+,+,+,+,-,-,-,-,-,0.5649574614853989,0.9828,0.7174770039421813,0.613
traditional,naive-bayes,-,-,-,-,-,-,-,+,+,+,-,+,-,-,+,-,0.5592417061611374,0.9912,0.7150483335737989,0.605
traditional,naive-bayes,-,-,-,-,-,-,-,+,+,+,-,+,-,-,-,-,0.5591155234657039,0.9912,0.7149451817657241,0.6048
traditional,naive-bayes,-,-,-,-,-,-,-,+,+,+,-,-,-,-,+,-,0.5569478630566123,0.9956,0.7143062132300187,0.6018
traditional,naive-bayes,-,-,-,-,-,-,-,+,+,+,-,-,-,-,-,-,0.5563254358515869,0.9956,0.7137940923429881,0.6008
traditional,naive-bayes,-,-,-,-,-,-,-,+,+,-,+,+,-,-,+,-,0.5589627959413754,0.9916,0.7149242970439799,0.6046
traditional,naive-bayes,-,-,-,-,-,-,-,+,+,-,+,+,-,-,-,-,0.5588367899008115,0.9916,0.7148212226066897,0.6044
traditional,naive-bayes,-,-,-,-,-,-,-,+,+,-,+,-,-,-,+,-,0.5610146252285192,0.982,0.7140779522978477,0.6068
traditional,naive-bayes,-,-,-,-,-,-,-,+,+,-,+,-,-,-,-,-,0.5614997713763146,0.9824,0.7145766656968287,0.6076
traditional,naive-bayes,-,-,-,-,-,-,-,+,+,-,-,+,-,-,+,-,0.5588898916967509,0.9908,0.7146566647432198,0.6044
traditional,naive-bayes,-,-,-,-,-,-,-,+,+,-,-,+,-,-,-,-,0.5588898916967509,0.9908,0.7146566647432198,0.6044
traditional,naive-bayes,-,-,-,-,-,-,-,+,+,-,-,-,-,-,+,-,0.5539520426287744,0.998,0.7124500285551114,0.5972
traditional,naive-bayes,-,-,-,-,-,-,-,+,+,-,-,-,-,-,-,-,0.5544444444444444,0.998,0.7128571428571429,0.598
traditional,naive-bayes,-,-,-,-,-,-,-,+,-,+,+,+,-,-,+,-,0.5590888588182228,0.9916,0.715027401211422,0.6048
traditional,naive-bayes,-,-,-,-,-,-,-,+,-,+,+,+,-,-,-,-,0.5590888588182228,0.9916,0.715027401211422,0.6048
traditional,naive-bayes,-,-,-,-,-,-,-,+,-,+,+,-,-,-,+,-,0.5657287822878229,0.9812,0.7176711527208894,0.614
traditional,naive-bayes,-,-,-,-,-,-,-,+,-,+,+,-,-,-,-,-,0.565989847715736,0.9812,0.7178811823236757,0.6144
traditional,naive-bayes,-,-,-,-,-,-,-,+,-,+,-,+,-,-,+,-,0.5589893976990751,0.9912,0.7148420597144093,0.6046
traditional,naive-bayes,-,-,-,-,-,-,-,+,-,+,-,+,-,-,-,-,0.5589893976990751,0.9912,0.7148420597144093,0.6046
traditional,naive-bayes,-,-,-,-,-,-,-,+,-,+,-,-,-,-,+,-,0.5543672014260249,0.9952,0.7120778477389811,0.5976
traditional,naive-bayes,-,-,-,-,-,-,-,+,-,+,-,-,-,-,-,-,0.5549855007807272,0.9952,0.7125877130173279,0.5986
traditional,naive-bayes,-,-,-,-,-,-,-,+,-,-,+,+,-,-,+,-,0.5583596214511041,0.9912,0.714326895358893,0.6036
traditional,naive-bayes,-,-,-,-,-,-,-,+,-,-,+,+,-,-,-,-,0.5583596214511041,0.9912,0.714326895358893,0.6036
traditional,naive-bayes,-,-,-,-,-,-,-,+,-,-,+,-,-,-,+,-,0.5613672860747878,0.9788,0.7135150896632162,0.607
traditional,naive-bayes,-,-,-,-,-,-,-,+,-,-,+,-,-,-,-,-,0.561137875659555,0.9784,0.7132235019682169,0.6066
traditional,naive-bayes,-,-,-,-,-,-,-,+,-,-,-,+,-,-,+,-,0.5591422121896162,0.9908,0.7148629148629148,0.6048
traditional,naive-bayes,-,-,-,-,-,-,-,+,-,-,-,+,-,-,-,-,0.5591422121896162,0.9908,0.7148629148629148,0.6048
traditional,naive-bayes,-,-,-,-,-,-,-,+,-,-,-,-,-,-,+,-,0.5521132994025226,0.998,0.7109274825473714,0.5942
traditional,naive-bayes,-,-,-,-,-,-,-,+,-,-,-,-,-,-,-,-,0.5519149878237768,0.9972,0.7105600684053013,0.5938
traditional,naive-bayes,-,-,-,-,-,-,-,-,+,+,+,+,-,-,+,-,0.5592417061611374,0.9912,0.7150483335737989,0.605
traditional,naive-bayes,-,-,-,-,-,-,-,-,+,+,+,+,-,-,-,-,0.5592417061611374,0.9912,0.7150483335737989,0.605
traditional,naive-bayes,-,-,-,-,-,-,-,-,+,+,+,-,-,-,+,-,0.5658878504672897,0.9688,0.7144542772861356,0.6128
traditional,naive-bayes,-,-,-,-,-,-,-,-,+,+,+,-,-,-,-,-,0.5662228451296426,0.9696,0.7149387995870815,0.6134
traditional,naive-bayes,-,-,-,-,-,-,-,-,+,+,-,+,-,-,+,-,0.5586377988272441,0.9908,0.7144505336025383,0.604
traditional,naive-bayes,-,-,-,-,-,-,-,-,+,+,-,+,-,-,-,-,0.5585118376550169,0.9908,0.7143475126171593,0.6038
traditional,naive-bayes,-,-,-,-,-,-,-,-,+,+,-,-,-,-,+,-,0.5589824403421882,0.9932,0.7153558052434457,0.6048
traditional,naive-bayes,-,-,-,-,-,-,-,-,+,+,-,-,-,-,-,-,0.5563522294420793,0.9932,0.7131983340514145,0.6006
traditional,naive-bayes,-,-,-,-,-,-,-,-,+,-,+,+,-,-,+,-,0.5591155234657039,0.9912,0.7149451817657241,0.6048
traditional,naive-bayes,-,-,-,-,-,-,-,-,+,-,+,+,-,-,-,-,0.5592417061611374,0.9912,0.7150483335737989,0.605
traditional,naive-bayes,-,-,-,-,-,-,-,-,+,-,+,-,-,-,+,-,0.5596755504055619,0.966,0.7087307410124725,0.603
traditional,naive-bayes,-,-,-,-,-,-,-,-,+,-,+,-,-,-,-,-,0.5598330241187384,0.9656,0.7087492660011744,0.6032
traditional,naive-bayes,-,-,-,-,-,-,-,-,+,-,-,+,-,-,+,-,0.5586377988272441,0.9908,0.7144505336025383,0.604
traditional,naive-bayes,-,-,-,-,-,-,-,-,+,-,-,+,-,-,-,-,0.5586377988272441,0.9908,0.7144505336025383,0.604
traditional,naive-bayes,-,-,-,-,-,-,-,-,+,-,-,-,-,-,+,-,0.5544686527345487,0.9976,0.7127750785938839,0.598
traditional,naive-bayes,-,-,-,-,-,-,-,-,+,-,-,-,-,-,-,-,0.5513358357253256,0.9988,0.7104851330203443,0.593
traditional,naive-bayes,-,-,-,-,-,-,-,-,-,+,+,+,-,-,+,-,0.5591155234657039,0.9912,0.7149451817657241,0.6048
traditional,naive-bayes,-,-,-,-,-,-,-,-,-,+,+,+,-,-,-,-,0.5591155234657039,0.9912,0.7149451817657241,0.6048
traditional,naive-bayes,-,-,-,-,-,-,-,-,-,+,+,-,-,-,+,-,0.5650749063670412,0.9656,0.7129356172474897,0.6112
traditional,naive-bayes,-,-,-,-,-,-,-,-,-,+,+,-,-,-,-,-,0.5649426632342617,0.9656,0.7128303558245976,0.611
traditional,naive-bayes,-,-,-,-,-,-,-,-,-,+,-,+,-,-,+,-,0.5586377988272441,0.9908,0.7144505336025383,0.604
traditional,naive-bayes,-,-,-,-,-,-,-,-,-,+,-,+,-,-,-,-,0.5585118376550169,0.9908,0.7143475126171593,0.6038
traditional,naive-bayes,-,-,-,-,-,-,-,-,-,+,-,-,-,-,+,-,0.5320154705629566,0.9904,0.692200167738328,0.5596
traditional,naive-bayes,-,-,-,-,-,-,-,-,-,+,-,-,-,-,-,-,0.530520454058685,0.9908,0.6910308271725484,0.557
traditional,naive-bayes,-,-,-,-,-,-,-,-,-,-,+,+,-,-,+,-,0.5592417061611374,0.9912,0.7150483335737989,0.605
traditional,naive-bayes,-,-,-,-,-,-,-,-,-,-,+,+,-,-,-,-,0.5592417061611374,0.9912,0.7150483335737989,0.605
traditional,naive-bayes,-,-,-,-,-,-,-,-,-,-,+,-,-,-,+,-,0.559748427672956,0.9612,0.7074930075077287,0.6026
traditional,naive-bayes,-,-,-,-,-,-,-,-,-,-,+,-,-,-,-,-,0.5597762759263575,0.9608,0.707406862023266,0.6026
traditional,naive-bayes,-,-,-,-,-,-,-,-,-,-,-,+,-,-,+,-,0.5583859332732192,0.9908,0.7142445213379469,0.6036
traditional,naive-bayes,-,-,-,-,-,-,-,-,-,-,-,+,-,-,-,-,0.5583859332732192,0.9908,0.7142445213379469,0.6036
traditional,naive-bayes,-,-,-,-,-,-,-,-,-,-,-,-,-,-,+,-,0.5,0.4,0.4444444444444445,0.5
