model,classifier,nn_number,epochs,batch-size,learning-rate,optimizer,normalize-features,tense,voice,pronouns,named-entities,sentiment,pos-tags,dep-tags,sentences,domain,sentence-similarity,precision,recall,f1,accuracy
traditional,svm,-,-,-,-,-,-,+,+,+,+,+,+,-,-,+,-,0.7619392185238785,0.4212,0.5425038639876353,0.6448
traditional,svm,-,-,-,-,-,-,+,+,+,+,+,+,-,-,-,-,0.7364285714285714,0.4124,0.5287179487179486,0.6324
traditional,svm,-,-,-,-,-,-,+,+,+,+,+,-,-,-,+,-,0.6708603896103896,0.6612,0.6659951651893635,0.6684
traditional,svm,-,-,-,-,-,-,+,+,+,+,+,-,-,-,-,-,0.6619547657512116,0.6556,0.6587620578778134,0.6604
traditional,svm,-,-,-,-,-,-,+,+,+,+,-,+,-,-,+,-,0.7258805513016845,0.3792,0.4981607987388334,0.618
traditional,svm,-,-,-,-,-,-,+,+,+,+,-,+,-,-,-,-,0.698295033358043,0.3768,0.4894777864380358,0.607
traditional,svm,-,-,-,-,-,-,+,+,+,+,-,-,-,-,+,-,0.6428985507246376,0.8872,0.745546218487395,0.6972
traditional,svm,-,-,-,-,-,-,+,+,+,+,-,-,-,-,-,-,0.6359699769053118,0.8812,0.7387659289067741,0.6884
traditional,svm,-,-,-,-,-,-,+,+,+,-,+,+,-,-,+,-,0.7604017216642754,0.424,0.544427324088341,0.6452
traditional,svm,-,-,-,-,-,-,+,+,+,-,+,+,-,-,-,-,0.7368045649072753,0.4132,0.5294720656073809,0.6328
traditional,svm,-,-,-,-,-,-,+,+,+,-,+,-,-,-,+,-,0.6485507246376812,0.6444,0.6464686998394863,0.6476
traditional,svm,-,-,-,-,-,-,+,+,+,-,+,-,-,-,-,-,0.6516492357200322,0.648,0.6498194945848376,0.6508
traditional,svm,-,-,-,-,-,-,+,+,+,-,-,+,-,-,+,-,0.7268553940321346,0.38,0.4990806409246126,0.6186
traditional,svm,-,-,-,-,-,-,+,+,+,-,-,+,-,-,-,-,0.7009622501850481,0.3788,0.4918203064139184,0.6086
traditional,svm,-,-,-,-,-,-,+,+,+,-,-,-,-,-,+,-,0.6317469529889728,0.8708,0.7322569794820047,0.6816
traditional,svm,-,-,-,-,-,-,+,+,+,-,-,-,-,-,-,-,0.6336719883889695,0.8732,0.7343986543313707,0.6842
traditional,svm,-,-,-,-,-,-,+,+,-,+,+,+,-,-,+,-,0.7668356263577119,0.4236,0.5457356351455811,0.6474
traditional,svm,-,-,-,-,-,-,+,+,-,+,+,+,-,-,-,-,0.7310686482661005,0.4132,0.527983644262714,0.6306
traditional,svm,-,-,-,-,-,-,+,+,-,+,+,-,-,-,+,-,0.6644,0.6644,0.6644,0.6644
traditional,svm,-,-,-,-,-,-,+,+,-,+,+,-,-,-,-,-,0.6662655435218612,0.6644,0.6653314640496696,0.6658
traditional,svm,-,-,-,-,-,-,+,+,-,+,-,+,-,-,+,-,0.7296489917849142,0.3908,0.5089867152904403,0.623
traditional,svm,-,-,-,-,-,-,+,+,-,+,-,+,-,-,-,-,0.698821796759941,0.3796,0.4919647485743909,0.608
traditional,svm,-,-,-,-,-,-,+,+,-,+,-,-,-,-,+,-,0.6458635703918723,0.89,0.7485281749369217,0.701
traditional,svm,-,-,-,-,-,-,+,+,-,+,-,-,-,-,-,-,0.6435815705592581,0.8884,0.7464291715678036,0.6982
traditional,svm,-,-,-,-,-,-,+,+,-,-,+,+,-,-,+,-,0.7672910662824207,0.426,0.5478395061728395,0.6484
traditional,svm,-,-,-,-,-,-,+,+,-,-,+,+,-,-,-,-,0.7318634423897582,0.4116,0.5268817204301075,0.6304
traditional,svm,-,-,-,-,-,-,+,+,-,-,+,-,-,-,+,-,0.6527833400080096,0.652,0.6523914348609166,0.6526
traditional,svm,-,-,-,-,-,-,+,+,-,-,+,-,-,-,-,-,0.6568236233040702,0.6584,0.6576108669596483,0.6572
traditional,svm,-,-,-,-,-,-,+,+,-,-,-,+,-,-,+,-,0.7343867569601203,0.3904,0.5097936798119613,0.6246
traditional,svm,-,-,-,-,-,-,+,+,-,-,-,+,-,-,-,-,0.7000736919675755,0.38,0.4926108374384236,0.6086
traditional,svm,-,-,-,-,-,-,+,+,-,-,-,-,-,-,+,-,0.6325160537069469,0.8668,0.731353358083024,0.6816
traditional,svm,-,-,-,-,-,-,+,+,-,-,-,-,-,-,-,-,0.637430331475506,0.8692,0.7354882382805888,0.6874
traditional,svm,-,-,-,-,-,-,+,-,+,+,+,+,-,-,+,-,0.7635574837310195,0.4224,0.5439093484419264,0.6458
traditional,svm,-,-,-,-,-,-,+,-,+,+,+,+,-,-,-,-,0.7360226468506723,0.416,0.53156146179402,0.6334
traditional,svm,-,-,-,-,-,-,+,-,+,+,+,-,-,-,+,-,0.6408655846858095,0.616,0.6281868243932287,0.6354
traditional,svm,-,-,-,-,-,-,+,-,+,+,+,-,-,-,-,-,0.6319043693322342,0.6132,0.6224116930572472,0.628
traditional,svm,-,-,-,-,-,-,+,-,+,+,-,+,-,-,+,-,0.7247915087187263,0.3824,0.5006546216286987,0.6186
traditional,svm,-,-,-,-,-,-,+,-,+,+,-,+,-,-,-,-,0.6967694566813509,0.3796,0.4914552045572243,0.6072
traditional,svm,-,-,-,-,-,-,+,-,+,+,-,-,-,-,+,-,0.628281117696867,0.8904,0.7367201720999503,0.6818
traditional,svm,-,-,-,-,-,-,+,-,+,+,-,-,-,-,-,-,0.6280044717719396,0.8988,0.7393879565646595,0.6832
traditional,svm,-,-,-,-,-,-,+,-,+,-,+,+,-,-,+,-,0.7651296829971181,0.4248,0.5462962962962963,0.6472
traditional,svm,-,-,-,-,-,-,+,-,+,-,+,+,-,-,-,-,0.7380782918149467,0.4148,0.5311139564660692,0.6338
traditional,svm,-,-,-,-,-,-,+,-,+,-,+,-,-,-,+,-,0.6217637540453075,0.6148,0.6182622687047467,0.6204
traditional,svm,-,-,-,-,-,-,+,-,+,-,+,-,-,-,-,-,0.6224283985478015,0.6172,0.6198031733279774,0.6214
traditional,svm,-,-,-,-,-,-,+,-,+,-,-,+,-,-,+,-,0.7271341463414634,0.3816,0.5005246589716684,0.6192
traditional,svm,-,-,-,-,-,-,+,-,+,-,-,+,-,-,-,-,0.6967694566813509,0.3796,0.4914552045572243,0.6072
traditional,svm,-,-,-,-,-,-,+,-,+,-,-,-,-,-,+,-,0.6173012318029115,0.882,0.7262845849802372,0.6676
traditional,svm,-,-,-,-,-,-,+,-,+,-,-,-,-,-,-,-,0.6172181716208637,0.8804,0.725684141114408,0.6672
traditional,svm,-,-,-,-,-,-,+,-,-,+,+,+,-,-,+,-,0.7606344628695025,0.422,0.5428350913300746,0.6446
traditional,svm,-,-,-,-,-,-,+,-,-,+,+,+,-,-,-,-,0.732574679943101,0.412,0.5273937532002049,0.6308
traditional,svm,-,-,-,-,-,-,+,-,-,+,+,-,-,-,+,-,0.6509695290858726,0.658,0.6544658842251839,0.6526
traditional,svm,-,-,-,-,-,-,+,-,-,+,+,-,-,-,-,-,0.6488941548183255,0.6572,0.65302066772655,0.6508
traditional,svm,-,-,-,-,-,-,+,-,-,+,-,+,-,-,+,-,0.7315233785822021,0.388,0.5070569785676947,0.6228
traditional,svm,-,-,-,-,-,-,+,-,-,+,-,+,-,-,-,-,0.697503671071953,0.38,0.4919730709476955,0.6076
traditional,svm,-,-,-,-,-,-,+,-,-,+,-,-,-,-,+,-,0.6322453573438379,0.8988,0.7423191278493558,0.688
traditional,svm,-,-,-,-,-,-,+,-,-,+,-,-,-,-,-,-,0.6332772166105499,0.9028,0.7443931398416886,0.69
traditional,svm,-,-,-,-,-,-,+,-,-,-,+,+,-,-,+,-,0.7591660675772826,0.4224,0.5427910562837317,0.6442
traditional,svm,-,-,-,-,-,-,+,-,-,-,+,+,-,-,-,-,0.7324343506032647,0.4128,0.5280122793553338,0.631
traditional,svm,-,-,-,-,-,-,+,-,-,-,+,-,-,-,+,-,0.6314352574102964,0.6476,0.6394154818325434,0.6348
traditional,svm,-,-,-,-,-,-,+,-,-,-,+,-,-,-,-,-,0.6294992175273866,0.6436,0.6364715189873418,0.6324
traditional,svm,-,-,-,-,-,-,+,-,-,-,-,+,-,-,+,-,0.7338345864661654,0.3904,0.5096605744125327,0.6244
traditional,svm,-,-,-,-,-,-,+,-,-,-,-,+,-,-,-,-,0.697037037037037,0.3764,0.4888311688311688,0.6064
traditional,svm,-,-,-,-,-,-,+,-,-,-,-,-,-,-,+,-,0.6246830092983939,0.8868,0.733013721276244,0.677
traditional,svm,-,-,-,-,-,-,+,-,-,-,-,-,-,-,-,-,0.622853926259499,0.8852,0.7312076656203534,0.6746
traditional,svm,-,-,-,-,-,-,-,+,+,+,+,+,-,-,+,-,0.7570295602018745,0.42,0.5402624131721121,0.6426
traditional,svm,-,-,-,-,-,-,-,+,+,+,+,+,-,-,-,-,0.7320028510334996,0.4108,0.5262618498590828,0.6302
traditional,svm,-,-,-,-,-,-,-,+,+,+,+,-,-,-,+,-,0.6202105263157894,0.5892,0.6043076923076923,0.6142
traditional,svm,-,-,-,-,-,-,-,+,+,+,+,-,-,-,-,-,0.6135693215339233,0.5824,0.597578493741022,0.6078
traditional,svm,-,-,-,-,-,-,-,+,+,+,-,+,-,-,+,-,0.718773373223635,0.3844,0.5009121709669012,0.617
traditional,svm,-,-,-,-,-,-,-,+,+,+,-,+,-,-,-,-,0.6976573938506588,0.3812,0.4930160372478012,0.608
traditional,svm,-,-,-,-,-,-,-,+,+,+,-,-,-,-,+,-,0.6229244777718265,0.9304,0.7462303496952197,0.6836
traditional,svm,-,-,-,-,-,-,-,+,+,+,-,-,-,-,-,-,0.6210864329676211,0.9284,0.7442680776014109,0.681
traditional,svm,-,-,-,-,-,-,-,+,+,-,+,+,-,-,+,-,0.7588447653429603,0.4204,0.5410553410553411,0.6434
traditional,svm,-,-,-,-,-,-,-,+,+,-,+,+,-,-,-,-,0.7352313167259786,0.4132,0.5290653008962867,0.6322
traditional,svm,-,-,-,-,-,-,-,+,+,-,+,-,-,-,+,-,0.586918349429324,0.5348,0.559648388447049,0.5792
traditional,svm,-,-,-,-,-,-,-,+,+,-,+,-,-,-,-,-,0.5955594253373966,0.5472,0.5703564727954972,0.5878
traditional,svm,-,-,-,-,-,-,-,+,+,-,-,+,-,-,+,-,0.72110365398956,0.3868,0.5035147097110128,0.6186
traditional,svm,-,-,-,-,-,-,-,+,+,-,-,+,-,-,-,-,0.6969253294289898,0.3808,0.4924987066735644,0.6076
traditional,svm,-,-,-,-,-,-,-,+,+,-,-,-,-,-,+,-,0.6058139534883721,0.8336,0.7016835016835017,0.6456
traditional,svm,-,-,-,-,-,-,-,+,+,-,-,-,-,-,-,-,0.6082474226804123,0.8732,0.7170307111184102,0.6554
traditional,svm,-,-,-,-,-,-,-,+,-,+,+,+,-,-,+,-,0.7587188612099645,0.4264,0.5459667093469911,0.6454
traditional,svm,-,-,-,-,-,-,-,+,-,+,+,+,-,-,-,-,0.724841660802252,0.412,0.5253761795460342,0.6278
traditional,svm,-,-,-,-,-,-,-,+,-,+,+,-,-,-,+,-,0.6164327002477291,0.5972,0.6066639577407557,0.6128
traditional,svm,-,-,-,-,-,-,-,+,-,+,+,-,-,-,-,-,0.6211745244003308,0.6008,0.6108174054493696,0.6172
traditional,svm,-,-,-,-,-,-,-,+,-,+,-,+,-,-,+,-,0.7182890855457227,0.3896,0.5051867219917012,0.6184
traditional,svm,-,-,-,-,-,-,-,+,-,+,-,+,-,-,-,-,0.6924198250728864,0.38,0.4907024793388428,0.6056
traditional,svm,-,-,-,-,-,-,-,+,-,+,-,-,-,-,+,-,0.6257135091057352,0.9208,0.7451043858229487,0.685
traditional,svm,-,-,-,-,-,-,-,+,-,+,-,-,-,-,-,-,0.6248982912937348,0.9216,0.7447874575723291,0.6842
traditional,svm,-,-,-,-,-,-,-,+,-,-,+,+,-,-,+,-,0.7562189054726368,0.4256,0.5446634246224725,0.6442
traditional,svm,-,-,-,-,-,-,-,+,-,-,+,+,-,-,-,-,0.7245762711864406,0.4104,0.5240040858018385,0.6272
traditional,svm,-,-,-,-,-,-,-,+,-,-,+,-,-,-,+,-,0.5506391347099312,0.448,0.4940449933833259,0.5412
traditional,svm,-,-,-,-,-,-,-,+,-,-,+,-,-,-,-,-,0.6057733735458853,0.5624,0.5832814768720184,0.5982
traditional,svm,-,-,-,-,-,-,-,+,-,-,-,+,-,-,+,-,0.7202072538860104,0.3892,0.5053232926512594,0.619
traditional,svm,-,-,-,-,-,-,-,+,-,-,-,+,-,-,-,-,0.6952727272727273,0.3824,0.4934193548387097,0.6074
traditional,svm,-,-,-,-,-,-,-,+,-,-,-,-,-,-,+,-,0.6119929453262787,0.8328,0.7055235513385293,0.6524
traditional,svm,-,-,-,-,-,-,-,+,-,-,-,-,-,-,-,-,0.611965334078837,0.8756,0.7204212604903736,0.6602
traditional,svm,-,-,-,-,-,-,-,-,+,+,+,+,-,-,+,-,0.7556037599421548,0.418,0.538243626062323,0.6414
traditional,svm,-,-,-,-,-,-,-,-,+,+,+,+,-,-,-,-,0.7309608540925266,0.4108,0.5259923175416134,0.6298
traditional,svm,-,-,-,-,-,-,-,-,+,+,+,-,-,-,+,-,0.6182276354472911,0.5888,0.6031550911698422,0.6126
traditional,svm,-,-,-,-,-,-,-,-,+,+,+,-,-,-,-,-,0.6018062397372742,0.5864,0.594003241491086,0.5992
traditional,svm,-,-,-,-,-,-,-,-,+,+,-,+,-,-,+,-,0.7166293810589113,0.3844,0.5003905233012237,0.6162
traditional,svm,-,-,-,-,-,-,-,-,+,+,-,+,-,-,-,-,0.6937590711175616,0.3824,0.4930376482723053,0.6068
traditional,svm,-,-,-,-,-,-,-,-,+,+,-,-,-,-,+,-,0.6207616066770997,0.952,0.751499842121882,0.6852
traditional,svm,-,-,-,-,-,-,-,-,+,+,-,-,-,-,-,-,0.6220245880198797,0.9512,0.7521746006642417,0.6866
traditional,svm,-,-,-,-,-,-,-,-,+,-,+,+,-,-,+,-,0.7575976845151954,0.4188,0.5394126738794436,0.6424
traditional,svm,-,-,-,-,-,-,-,-,+,-,+,+,-,-,-,-,0.7320916905444126,0.4088,0.5246406570841888,0.6296
traditional,svm,-,-,-,-,-,-,-,-,+,-,+,-,-,-,+,-,0.5790849673202615,0.5316,0.5543274244004172,0.5726
traditional,svm,-,-,-,-,-,-,-,-,+,-,+,-,-,-,-,-,0.5996600084997875,0.5644,0.5814959818668864,0.5938
traditional,svm,-,-,-,-,-,-,-,-,+,-,-,+,-,-,+,-,0.7184466019417476,0.3848,0.5011721802552749,0.617
traditional,svm,-,-,-,-,-,-,-,-,+,-,-,+,-,-,-,-,0.6934201012292118,0.3836,0.4939479783672418,0.607
traditional,svm,-,-,-,-,-,-,-,-,+,-,-,-,-,-,+,-,0.6018545349174153,0.8308,0.698033943874979,0.6406
traditional,svm,-,-,-,-,-,-,-,-,+,-,-,-,-,-,-,-,0.6026165167620605,0.8844,0.7168098557302642,0.6506
traditional,svm,-,-,-,-,-,-,-,-,-,+,+,+,-,-,+,-,0.7566787003610108,0.4192,0.5395109395109394,0.6422
traditional,svm,-,-,-,-,-,-,-,-,-,+,+,+,-,-,-,-,0.7263610315186246,0.4056,0.5205338809034908,0.6264
traditional,svm,-,-,-,-,-,-,-,-,-,+,+,-,-,-,+,-,0.6113469702817445,0.6336,0.6222746022392458,0.6154
traditional,svm,-,-,-,-,-,-,-,-,-,+,+,-,-,-,-,-,0.6116578349735049,0.6464,0.6285492026448851,0.618
traditional,svm,-,-,-,-,-,-,-,-,-,+,-,+,-,-,+,-,0.7248520710059172,0.392,0.5088265835929386,0.6216
traditional,svm,-,-,-,-,-,-,-,-,-,+,-,+,-,-,-,-,0.6949152542372882,0.3772,0.4889810733730878,0.6058
traditional,svm,-,-,-,-,-,-,-,-,-,+,-,-,-,-,+,-,0.5187802156935664,0.558,0.5376758527654654,0.5202
traditional,svm,-,-,-,-,-,-,-,-,-,+,-,-,-,-,-,-,0.5829984544049459,0.7544,0.6577157802964254,0.6074
traditional,svm,-,-,-,-,-,-,-,-,-,-,+,+,-,-,+,-,0.7530509691313712,0.4196,0.5389160030824557,0.641
traditional,svm,-,-,-,-,-,-,-,-,-,-,+,+,-,-,-,-,0.7260371959942775,0.406,0.5207798871216008,0.6264
traditional,svm,-,-,-,-,-,-,-,-,-,-,+,-,-,-,+,-,0.5455840455840456,0.4596,0.4989144594007815,0.5384
traditional,svm,-,-,-,-,-,-,-,-,-,-,+,-,-,-,-,-,0.6078655975563192,0.6368,0.6219964836882204,0.613
traditional,svm,-,-,-,-,-,-,-,-,-,-,-,+,-,-,+,-,0.725925925925926,0.392,0.5090909090909091,0.622
traditional,svm,-,-,-,-,-,-,-,-,-,-,-,+,-,-,-,-,0.6967694566813509,0.3796,0.4914552045572243,0.6072
traditional,svm,-,-,-,-,-,-,-,-,-,-,-,-,-,-,+,-,0.5,0.4,0.4444444444444445,0.5
traditional,knn,-,-,-,-,-,-,+,+,+,+,+,+,-,-,+,-,0.7429519071310116,0.3584,0.4835402050728548,0.6172
traditional,knn,-,-,-,-,-,-,+,+,+,+,+,+,-,-,-,-,0.6579520697167756,0.2416,0.3534230544177882,0.558
traditional,knn,-,-,-,-,-,-,+,+,+,+,+,-,-,-,+,-,0.6500811249323959,0.4808,0.5527707518969878,0.611
traditional,knn,-,-,-,-,-,-,+,+,+,+,+,-,-,-,-,-,0.6562994201370586,0.498,0.5662952012735957,0.6186
traditional,knn,-,-,-,-,-,-,+,+,+,+,-,+,-,-,+,-,0.7178861788617886,0.3532,0.4734584450402145,0.6072
traditional,knn,-,-,-,-,-,-,+,+,+,+,-,+,-,-,-,-,0.6240913811007269,0.2404,0.347097892001155,0.5478
traditional,knn,-,-,-,-,-,-,+,+,+,+,-,-,-,-,+,-,0.6246485473289597,0.5332,0.5753129046180405,0.6064
traditional,knn,-,-,-,-,-,-,+,+,+,+,-,-,-,-,-,-,0.6194420226678291,0.5684,0.5928243637880684,0.6096
traditional,knn,-,-,-,-,-,-,+,+,+,-,+,+,-,-,+,-,0.7415824915824916,0.3524,0.477765726681128,0.6148
traditional,knn,-,-,-,-,-,-,+,+,+,-,+,+,-,-,-,-,0.647982062780269,0.2312,0.3408018867924528,0.5528
traditional,knn,-,-,-,-,-,-,+,+,+,-,+,-,-,-,+,-,0.6291879613855764,0.4432,0.520065712274114,0.591
traditional,knn,-,-,-,-,-,-,+,+,+,-,+,-,-,-,-,-,0.640649554740702,0.4892,0.5547743252438194,0.6074
traditional,knn,-,-,-,-,-,-,+,+,+,-,-,+,-,-,+,-,0.7180114099429503,0.3524,0.4727662999731687,0.607
traditional,knn,-,-,-,-,-,-,+,+,+,-,-,+,-,-,-,-,0.6231101511879049,0.2308,0.336835960303561,0.5456
traditional,knn,-,-,-,-,-,-,+,+,+,-,-,-,-,-,+,-,0.6010536398467433,0.502,0.5470793374019182,0.5844
traditional,knn,-,-,-,-,-,-,+,+,+,-,-,-,-,-,-,-,0.5923177651680489,0.5428,0.5664788144437487,0.5846
traditional,knn,-,-,-,-,-,-,+,+,-,+,+,+,-,-,+,-,0.7539893617021277,0.4536,0.5664335664335663,0.6528
traditional,knn,-,-,-,-,-,-,+,+,-,+,+,+,-,-,-,-,0.6914191419141914,0.3352,0.4515086206896551,0.5928
traditional,knn,-,-,-,-,-,-,+,+,-,+,+,-,-,-,+,-,0.6596774193548387,0.4908,0.5628440366972477,0.6188
traditional,knn,-,-,-,-,-,-,+,+,-,+,+,-,-,-,-,-,0.6551554020720276,0.5312,0.5867020101612548,0.6258
traditional,knn,-,-,-,-,-,-,+,+,-,+,-,+,-,-,+,-,0.7535780958307405,0.4844,0.5897248599951304,0.663
traditional,knn,-,-,-,-,-,-,+,+,-,+,-,+,-,-,-,-,0.6948102246320682,0.3588,0.4732260617251385,0.6006
traditional,knn,-,-,-,-,-,-,+,+,-,+,-,-,-,-,+,-,0.6218525179856115,0.5532,0.5855207451312447,0.6084
traditional,knn,-,-,-,-,-,-,+,+,-,+,-,-,-,-,-,-,0.6372705506783719,0.6388,0.6380343587694766,0.6376
traditional,knn,-,-,-,-,-,-,+,+,-,-,+,+,-,-,+,-,0.7520053475935828,0.45,0.5630630630630631,0.6508
traditional,knn,-,-,-,-,-,-,+,+,-,-,+,+,-,-,-,-,0.6913372582001682,0.3288,0.4456492274329086,0.591
traditional,knn,-,-,-,-,-,-,+,+,-,-,+,-,-,-,+,-,0.6367688022284123,0.4572,0.5322467986030268,0.5982
traditional,knn,-,-,-,-,-,-,+,+,-,-,+,-,-,-,-,-,0.6488980010251153,0.5064,0.5688609301280612,0.6162
traditional,knn,-,-,-,-,-,-,+,+,-,-,-,+,-,-,+,-,0.7523570081709616,0.4788,0.5851869958445367,0.6606
traditional,knn,-,-,-,-,-,-,+,+,-,-,-,+,-,-,-,-,0.6942277691107644,0.356,0.4706504494976203,0.5996
traditional,knn,-,-,-,-,-,-,+,+,-,-,-,-,-,-,+,-,0.5980573543015726,0.5172,0.5546975546975547,0.5848
traditional,knn,-,-,-,-,-,-,+,+,-,-,-,-,-,-,-,-,0.6082135523613963,0.5924,0.6002026342451875,0.6054
traditional,knn,-,-,-,-,-,-,+,-,+,+,+,+,-,-,+,-,0.7309602649006622,0.3532,0.4762675296655879,0.6116
traditional,knn,-,-,-,-,-,-,+,-,+,+,+,+,-,-,-,-,0.645091693635383,0.2392,0.3489932885906041,0.5538
traditional,knn,-,-,-,-,-,-,+,-,+,+,+,-,-,-,+,-,0.6327652556349642,0.4604,0.5329937485529057,0.5966
traditional,knn,-,-,-,-,-,-,+,-,+,+,+,-,-,-,-,-,0.6283748014822658,0.4748,0.5408976987924357,0.597
traditional,knn,-,-,-,-,-,-,+,-,+,+,-,+,-,-,+,-,0.7193263833199679,0.3588,0.4787830264211369,0.6094
traditional,knn,-,-,-,-,-,-,+,-,+,+,-,+,-,-,-,-,0.6240913811007269,0.2404,0.347097892001155,0.5478
traditional,knn,-,-,-,-,-,-,+,-,+,+,-,-,-,-,+,-,0.5811732605729877,0.5112,0.543945520323473,0.5714
traditional,knn,-,-,-,-,-,-,+,-,+,+,-,-,-,-,-,-,0.5896774193548387,0.5484,0.5682901554404145,0.5834
traditional,knn,-,-,-,-,-,-,+,-,+,-,+,+,-,-,+,-,0.7296610169491525,0.3444,0.4679347826086956,0.6084
traditional,knn,-,-,-,-,-,-,+,-,+,-,+,+,-,-,-,-,0.6331828442437923,0.2244,0.3313644418192558,0.5472
traditional,knn,-,-,-,-,-,-,+,-,+,-,+,-,-,-,+,-,0.6096287703016241,0.4204,0.4976325757575758,0.5756
traditional,knn,-,-,-,-,-,-,+,-,+,-,+,-,-,-,-,-,0.6170100369783412,0.4672,0.531755064875939,0.5886
traditional,knn,-,-,-,-,-,-,+,-,+,-,-,+,-,-,+,-,0.7135882831570383,0.3508,0.470367390721373,0.605
traditional,knn,-,-,-,-,-,-,+,-,+,-,-,+,-,-,-,-,0.6202393906420022,0.228,0.3334308277274057,0.5442
traditional,knn,-,-,-,-,-,-,+,-,+,-,-,-,-,-,+,-,0.5656951743908266,0.4736,0.5155671674286959,0.555
traditional,knn,-,-,-,-,-,-,+,-,+,-,-,-,-,-,-,-,0.5658169661512745,0.5416,0.5534436950745963,0.563
traditional,knn,-,-,-,-,-,-,+,-,-,+,+,+,-,-,+,-,0.7577833125778332,0.4868,0.5927910375060886,0.6656
traditional,knn,-,-,-,-,-,-,+,-,-,+,+,+,-,-,-,-,0.702576112412178,0.36,0.4760645331922772,0.6038
traditional,knn,-,-,-,-,-,-,+,-,-,+,+,-,-,-,+,-,0.6300114547537228,0.44,0.5181347150259068,0.5908
traditional,knn,-,-,-,-,-,-,+,-,-,+,+,-,-,-,-,-,0.643011917659805,0.4748,0.5462494247583984,0.6056
traditional,knn,-,-,-,-,-,-,+,-,-,+,-,+,-,-,+,-,0.7600239377618193,0.508,0.6089666746583554,0.6738
traditional,knn,-,-,-,-,-,-,+,-,-,+,-,+,-,-,-,-,0.7062314540059347,0.3808,0.4948024948024948,0.6112
traditional,knn,-,-,-,-,-,-,+,-,-,+,-,-,-,-,+,-,0.5747663551401869,0.492,0.5301724137931034,0.564
traditional,knn,-,-,-,-,-,-,+,-,-,+,-,-,-,-,-,-,0.5634178905206942,0.5064,0.5333895091636823,0.557
traditional,knn,-,-,-,-,-,-,+,-,-,-,+,+,-,-,+,-,0.7547528517110266,0.4764,0.5841098577734183,0.6608
traditional,knn,-,-,-,-,-,-,+,-,-,-,+,+,-,-,-,-,0.6971887550200804,0.3472,0.4635514018691589,0.5982
traditional,knn,-,-,-,-,-,-,+,-,-,-,+,-,-,-,+,-,0.6189095127610209,0.4268,0.5052083333333334,0.582
traditional,knn,-,-,-,-,-,-,+,-,-,-,+,-,-,-,-,-,0.6206709956709957,0.4588,0.5275988960441582,0.5892
traditional,knn,-,-,-,-,-,-,+,-,-,-,-,+,-,-,+,-,0.7533252720677146,0.4984,0.5999037072701011,0.6676
traditional,knn,-,-,-,-,-,-,+,-,-,-,-,+,-,-,-,-,0.6982693754702785,0.3712,0.4847218594933403,0.6054
traditional,knn,-,-,-,-,-,-,+,-,-,-,-,-,-,-,+,-,0.5688539741219963,0.4924,0.5278730703259005,0.5596
traditional,knn,-,-,-,-,-,-,+,-,-,-,-,-,-,-,-,-,0.5336174242424242,0.4508,0.4887250650477016,0.5284
traditional,knn,-,-,-,-,-,-,-,+,+,+,+,+,-,-,+,-,0.7224489795918367,0.354,0.4751677852348994,0.609
traditional,knn,-,-,-,-,-,-,-,+,+,+,+,+,-,-,-,-,0.6251354279523293,0.2308,0.3371311714869996,0.5462
traditional,knn,-,-,-,-,-,-,-,+,+,+,+,-,-,-,+,-,0.632183908045977,0.462,0.533857175872429,0.5966
traditional,knn,-,-,-,-,-,-,-,+,+,+,+,-,-,-,-,-,0.628696604600219,0.4592,0.5307443365695793,0.594
traditional,knn,-,-,-,-,-,-,-,+,+,+,-,+,-,-,+,-,0.7101002313030069,0.3684,0.4851198314458783,0.609
traditional,knn,-,-,-,-,-,-,-,+,+,+,-,+,-,-,-,-,0.6142857142857143,0.2408,0.3459770114942528,0.5448
traditional,knn,-,-,-,-,-,-,-,+,+,+,-,-,-,-,+,-,0.5849056603773585,0.7192,0.6451381413706494,0.6044
traditional,knn,-,-,-,-,-,-,-,+,+,+,-,-,-,-,-,-,0.5919885550786839,0.8276,0.6902418682235195,0.6286
traditional,knn,-,-,-,-,-,-,-,+,+,-,+,+,-,-,+,-,0.7225,0.3468,0.4686486486486486,0.6068
traditional,knn,-,-,-,-,-,-,-,+,+,-,+,+,-,-,-,-,0.6252796420581656,0.2236,0.3294048320565704,0.5448
traditional,knn,-,-,-,-,-,-,-,+,+,-,+,-,-,-,+,-,0.6082654249126892,0.418,0.4954954954954955,0.5744
traditional,knn,-,-,-,-,-,-,-,+,+,-,+,-,-,-,-,-,0.604378003203417,0.4528,0.5177223873770866,0.5782
traditional,knn,-,-,-,-,-,-,-,+,+,-,-,+,-,-,+,-,0.7084664536741214,0.3548,0.4728144989339018,0.6044
traditional,knn,-,-,-,-,-,-,-,+,+,-,-,+,-,-,-,-,0.6104033970276008,0.23,0.3341080766995932,0.5416
traditional,knn,-,-,-,-,-,-,-,+,+,-,-,-,-,-,+,-,0.5737242740343953,0.814,0.6730610219943775,0.6046
traditional,knn,-,-,-,-,-,-,-,+,+,-,-,-,-,-,-,-,0.576473514051231,0.9272,0.7109339058426623,0.623
traditional,knn,-,-,-,-,-,-,-,+,-,+,+,+,-,-,+,-,0.7380804953560371,0.4768,0.5793438639125152,0.6538
traditional,knn,-,-,-,-,-,-,-,+,-,+,+,+,-,-,-,-,0.6702786377708978,0.3464,0.4567510548523206,0.588
traditional,knn,-,-,-,-,-,-,-,+,-,+,+,-,-,-,+,-,0.640704945992041,0.4508,0.5292322141347734,0.599
traditional,knn,-,-,-,-,-,-,-,+,-,+,+,-,-,-,-,-,0.6397648316408338,0.4788,0.5477007549759781,0.6046
traditional,knn,-,-,-,-,-,-,-,+,-,+,-,+,-,-,+,-,0.7318668252080857,0.4924,0.5887135341941654,0.656
traditional,knn,-,-,-,-,-,-,-,+,-,+,-,+,-,-,-,-,0.657973174366617,0.3532,0.4596564289432587,0.5848
traditional,knn,-,-,-,-,-,-,-,+,-,+,-,-,-,-,+,-,0.5699631772751184,0.8668,0.6877181847032688,0.6064
traditional,knn,-,-,-,-,-,-,-,+,-,+,-,-,-,-,-,-,0.5683470673776054,0.938,0.7078176878961665,0.6128
traditional,knn,-,-,-,-,-,-,-,+,-,-,+,+,-,-,+,-,0.7396562698917887,0.4648,0.5708671088184721,0.6506
traditional,knn,-,-,-,-,-,-,-,+,-,-,+,+,-,-,-,-,0.6733067729083665,0.338,0.4500665778961385,0.587
traditional,knn,-,-,-,-,-,-,-,+,-,-,+,-,-,-,+,-,0.6057692307692307,0.4284,0.5018744142455482,0.5748
traditional,knn,-,-,-,-,-,-,-,+,-,-,+,-,-,-,-,-,0.6042864610559331,0.4624,0.5239066394742806,0.5798
traditional,knn,-,-,-,-,-,-,-,+,-,-,-,+,-,-,+,-,0.7341849148418491,0.4828,0.5825289575289576,0.654
traditional,knn,-,-,-,-,-,-,-,+,-,-,-,+,-,-,-,-,0.6648731744811683,0.346,0.4551433833201788,0.5858
traditional,knn,-,-,-,-,-,-,-,+,-,-,-,-,-,-,+,-,0.5451154115178364,0.9352,0.6887612314037415,0.5774
traditional,knn,-,-,-,-,-,-,-,+,-,-,-,-,-,-,-,-,0.5465604954656049,0.9884,0.7038883349950149,0.5842
traditional,knn,-,-,-,-,-,-,-,-,+,+,+,+,-,-,+,-,0.7184466019417476,0.3552,0.4753747323340471,0.608
traditional,knn,-,-,-,-,-,-,-,-,+,+,+,+,-,-,-,-,0.6270270270270271,0.232,0.3386861313868614,0.547
traditional,knn,-,-,-,-,-,-,-,-,+,+,+,-,-,-,+,-,0.6282782212086659,0.4408,0.5181006111894687,0.59
traditional,knn,-,-,-,-,-,-,-,-,+,+,+,-,-,-,-,-,0.6153846153846154,0.4608,0.5269899359560842,0.5864
traditional,knn,-,-,-,-,-,-,-,-,+,+,-,+,-,-,+,-,0.7089093701996928,0.3692,0.4855339295107839,0.6088
traditional,knn,-,-,-,-,-,-,-,-,+,+,-,+,-,-,-,-,0.6053169734151329,0.2368,0.3404255319148936,0.5412
traditional,knn,-,-,-,-,-,-,-,-,+,+,-,-,-,-,+,-,0.5545142857142857,0.9704,0.7057454545454545,0.5954
traditional,knn,-,-,-,-,-,-,-,-,+,+,-,-,-,-,-,-,0.5474662535959283,0.9896,0.7049437241772332,0.5858
traditional,knn,-,-,-,-,-,-,-,-,+,-,+,+,-,-,+,-,0.7196339434276207,0.346,0.4673149648838466,0.6056
traditional,knn,-,-,-,-,-,-,-,-,+,-,+,+,-,-,-,-,0.6218302094818081,0.2256,0.3310830642794247,0.5442
traditional,knn,-,-,-,-,-,-,-,-,+,-,+,-,-,-,+,-,0.6007005253940455,0.4116,0.4884880132921908,0.569
traditional,knn,-,-,-,-,-,-,-,-,+,-,+,-,-,-,-,-,0.6068928379106086,0.4508,0.5173284369979344,0.5794
traditional,knn,-,-,-,-,-,-,-,-,+,-,-,+,-,-,+,-,0.7011041009463722,0.3556,0.4718683651804671,0.602
traditional,knn,-,-,-,-,-,-,-,-,+,-,-,+,-,-,-,-,0.6050156739811913,0.2316,0.3349725195256002,0.5402
traditional,knn,-,-,-,-,-,-,-,-,+,-,-,-,-,-,+,-,0.522029651284193,1.0,0.6859651529702291,0.5422
traditional,knn,-,-,-,-,-,-,-,-,+,-,-,-,-,-,-,-,0.5112474437627812,1.0,0.6765899864682002,0.522
traditional,knn,-,-,-,-,-,-,-,-,-,+,+,+,-,-,+,-,0.7298980747451869,0.5156,0.604313173933427,0.6624
traditional,knn,-,-,-,-,-,-,-,-,-,+,+,+,-,-,-,-,0.6608315098468271,0.3624,0.4680960991991733,0.5882
traditional,knn,-,-,-,-,-,-,-,-,-,+,+,-,-,-,+,-,0.6148105625717566,0.4284,0.5049504950495051,0.58
traditional,knn,-,-,-,-,-,-,-,-,-,+,+,-,-,-,-,-,0.6148613291470434,0.47,0.532759011562004,0.5878
traditional,knn,-,-,-,-,-,-,-,-,-,+,-,+,-,-,+,-,0.7215189873417721,0.5472,0.6223839854413104,0.668
traditional,knn,-,-,-,-,-,-,-,-,-,+,-,+,-,-,-,-,0.6484848484848484,0.3852,0.4833124215809284,0.5882
traditional,knn,-,-,-,-,-,-,-,-,-,+,-,-,-,-,+,-,0.508768352365416,0.998,0.6739600216099405,0.5172
traditional,knn,-,-,-,-,-,-,-,-,-,+,-,-,-,-,-,-,0.5063855665923374,0.9992,0.6721377640252926,0.5126
traditional,knn,-,-,-,-,-,-,-,-,-,-,+,+,-,-,+,-,0.7370242214532872,0.5112,0.6036844591402928,0.6644
traditional,knn,-,-,-,-,-,-,-,-,-,-,+,+,-,-,-,-,0.6622613803230544,0.3608,0.4671154842050751,0.5884
traditional,knn,-,-,-,-,-,-,-,-,-,-,+,-,-,-,+,-,0.5751445086705202,0.4776,0.5218531468531469,0.5624
traditional,knn,-,-,-,-,-,-,-,-,-,-,+,-,-,-,-,-,0.5904761904761905,0.4216,0.4919486581096849,0.5646
traditional,knn,-,-,-,-,-,-,-,-,-,-,-,+,-,-,+,-,0.723175965665236,0.5392,0.617781851512374,0.6664
traditional,knn,-,-,-,-,-,-,-,-,-,-,-,+,-,-,-,-,0.6537678207739308,0.3852,0.484772212433929,0.5906
traditional,knn,-,-,-,-,-,-,-,-,-,-,-,-,-,-,+,-,0.5,1.0,0.6666666666666666,0.5
traditional,naive-bayes,-,-,-,-,-,-,+,+,+,+,+,+,-,-,+,-,0.5616221114635251,0.9916,0.7170957477581718,0.6088
traditional,naive-bayes,-,-,-,-,-,-,+,+,+,+,+,+,-,-,-,-,0.5616221114635251,0.9916,0.7170957477581718,0.6088
traditional,naive-bayes,-,-,-,-,-,-,+,+,+,+,+,-,-,-,+,-,0.57093265447813,0.9868,0.7233543468699604,0.6226
traditional,naive-bayes,-,-,-,-,-,-,+,+,+,+,+,-,-,-,-,-,0.57093265447813,0.9868,0.7233543468699604,0.6226
traditional,naive-bayes,-,-,-,-,-,-,+,+,+,+,-,+,-,-,+,-,0.5614949037372593,0.9916,0.716992046276211,0.6086
traditional,naive-bayes,-,-,-,-,-,-,+,+,+,+,-,+,-,-,-,-,0.5614949037372593,0.9916,0.716992046276211,0.6086
traditional,naive-bayes,-,-,-,-,-,-,+,+,+,+,-,-,-,-,+,-,0.5683453237410072,0.9796,0.719342047290351,0.6178
traditional,naive-bayes,-,-,-,-,-,-,+,+,+,+,-,-,-,-,-,-,0.5682451253481894,0.9792,0.7191539365452408,0.6176
traditional,naive-bayes,-,-,-,-,-,-,+,+,+,-,+,+,-,-,+,-,0.56146705908988,0.992,0.7170738759577852,0.6086
traditional,naive-bayes,-,-,-,-,-,-,+,+,+,-,+,+,-,-,-,-,0.56146705908988,0.992,0.7170738759577852,0.6086
traditional,naive-bayes,-,-,-,-,-,-,+,+,+,-,+,-,-,-,+,-,0.5702402957486137,0.9872,0.7229056824838898,0.6216
traditional,naive-bayes,-,-,-,-,-,-,+,+,+,-,+,-,-,-,-,-,0.5703395703395704,0.9876,0.7230926929272222,0.6218
traditional,naive-bayes,-,-,-,-,-,-,+,+,+,-,-,+,-,-,+,-,0.5609866485630233,0.9916,0.716577540106952,0.6078
traditional,naive-bayes,-,-,-,-,-,-,+,+,+,-,-,+,-,-,-,-,0.5609866485630233,0.9916,0.716577540106952,0.6078
traditional,naive-bayes,-,-,-,-,-,-,+,+,+,-,-,-,-,-,+,-,0.5659810492257915,0.9796,0.71744543723451,0.6142
traditional,naive-bayes,-,-,-,-,-,-,+,+,+,-,-,-,-,-,-,-,0.5661118816458622,0.9796,0.7175505420451215,0.6144
traditional,naive-bayes,-,-,-,-,-,-,+,+,-,+,+,+,-,-,+,-,0.5614949037372593,0.9916,0.716992046276211,0.6086
traditional,naive-bayes,-,-,-,-,-,-,+,+,-,+,+,+,-,-,-,-,0.5614949037372593,0.9916,0.716992046276211,0.6086
traditional,naive-bayes,-,-,-,-,-,-,+,+,-,+,+,-,-,-,+,-,0.5714616631920315,0.9868,0.7237787883233094,0.6234
traditional,naive-bayes,-,-,-,-,-,-,+,+,-,+,+,-,-,-,-,-,0.5714616631920315,0.9868,0.7237787883233094,0.6234
traditional,naive-bayes,-,-,-,-,-,-,+,+,-,+,-,+,-,-,+,-,0.5616221114635251,0.9916,0.7170957477581718,0.6088
traditional,naive-bayes,-,-,-,-,-,-,+,+,-,+,-,+,-,-,-,-,0.5614949037372593,0.9916,0.716992046276211,0.6086
traditional,naive-bayes,-,-,-,-,-,-,+,+,-,+,-,-,-,-,+,-,0.5683085501858736,0.9784,0.7189888300999412,0.6176
traditional,naive-bayes,-,-,-,-,-,-,+,+,-,+,-,-,-,-,-,-,0.5680445889456572,0.9784,0.7187775492212753,0.6172
traditional,naive-bayes,-,-,-,-,-,-,+,+,-,-,+,+,-,-,+,-,0.56146705908988,0.992,0.7170738759577852,0.6086
traditional,naive-bayes,-,-,-,-,-,-,+,+,-,-,+,+,-,-,-,-,0.5613399728383884,0.992,0.7169702226076902,0.6084
traditional,naive-bayes,-,-,-,-,-,-,+,+,-,-,+,-,-,-,+,-,0.5702727693018955,0.9868,0.7228244945795489,0.6216
traditional,naive-bayes,-,-,-,-,-,-,+,+,-,-,+,-,-,-,-,-,0.5704046242774566,0.9868,0.7229304029304029,0.6218
traditional,naive-bayes,-,-,-,-,-,-,+,+,-,-,-,+,-,-,+,-,0.561014263074485,0.9912,0.7164955905739482,0.6078
traditional,naive-bayes,-,-,-,-,-,-,+,+,-,-,-,+,-,-,-,-,0.5609866485630233,0.9916,0.716577540106952,0.6078
traditional,naive-bayes,-,-,-,-,-,-,+,+,-,-,-,-,-,-,+,-,0.5663040962740107,0.9788,0.7174901040903093,0.6146
traditional,naive-bayes,-,-,-,-,-,-,+,+,-,-,-,-,-,-,-,-,0.5661424606845513,0.9792,0.7174677608440797,0.6144
traditional,naive-bayes,-,-,-,-,-,-,+,-,+,+,+,+,-,-,+,-,0.5620040807073226,0.9916,0.7174070322673998,0.6094
traditional,naive-bayes,-,-,-,-,-,-,+,-,+,+,+,+,-,-,-,-,0.5620040807073226,0.9916,0.7174070322673998,0.6094
traditional,naive-bayes,-,-,-,-,-,-,+,-,+,+,+,-,-,-,+,-,0.5739658798784762,0.9824,0.7245906475881397,0.6266
traditional,naive-bayes,-,-,-,-,-,-,+,-,+,+,+,-,-,-,-,-,0.5737972909855208,0.9828,0.724565025066352,0.6264
traditional,naive-bayes,-,-,-,-,-,-,+,-,+,+,-,+,-,-,+,-,0.5617773747449558,0.9912,0.7171176385472435,0.609
traditional,naive-bayes,-,-,-,-,-,-,+,-,+,+,-,+,-,-,-,-,0.5617773747449558,0.9912,0.7171176385472435,0.609
traditional,naive-bayes,-,-,-,-,-,-,+,-,+,+,-,-,-,-,+,-,0.569821930646673,0.9728,0.7186761229314421,0.6192
traditional,naive-bayes,-,-,-,-,-,-,+,-,+,+,-,-,-,-,-,-,0.569821930646673,0.9728,0.7186761229314421,0.6192
traditional,naive-bayes,-,-,-,-,-,-,+,-,+,-,+,+,-,-,+,-,0.5621033544877606,0.992,0.7175925925925926,0.6096
traditional,naive-bayes,-,-,-,-,-,-,+,-,+,-,+,+,-,-,-,-,0.5621033544877606,0.992,0.7175925925925926,0.6096
traditional,naive-bayes,-,-,-,-,-,-,+,-,+,-,+,-,-,-,+,-,0.5727633730436814,0.9808,0.7231971685592097,0.6246
traditional,naive-bayes,-,-,-,-,-,-,+,-,+,-,+,-,-,-,-,-,0.5724959140789166,0.9808,0.722983930414271,0.6242
traditional,naive-bayes,-,-,-,-,-,-,+,-,+,-,-,+,-,-,+,-,0.5613955595831446,0.9912,0.7168064796065953,0.6084
traditional,naive-bayes,-,-,-,-,-,-,+,-,+,-,-,+,-,-,-,-,0.5612684031710079,0.9912,0.716702819956616,0.6082
traditional,naive-bayes,-,-,-,-,-,-,+,-,+,-,-,-,-,-,+,-,0.5681605975723623,0.9736,0.7175707547169812,0.6168
traditional,naive-bayes,-,-,-,-,-,-,+,-,+,-,-,-,-,-,-,-,0.5684259691732835,0.9736,0.7177823650840459,0.6172
traditional,naive-bayes,-,-,-,-,-,-,+,-,-,+,+,+,-,-,+,-,0.5621315192743764,0.9916,0.7175108538350218,0.6096
traditional,naive-bayes,-,-,-,-,-,-,+,-,-,+,+,+,-,-,-,-,0.5621315192743764,0.9916,0.7175108538350218,0.6096
traditional,naive-bayes,-,-,-,-,-,-,+,-,-,+,+,-,-,-,+,-,0.5742388758782201,0.9808,0.7243722304283604,0.6268
traditional,naive-bayes,-,-,-,-,-,-,+,-,-,+,+,-,-,-,-,-,0.5746426060464026,0.9808,0.7246933648588739,0.6274
traditional,naive-bayes,-,-,-,-,-,-,+,-,-,+,-,+,-,-,+,-,0.5617773747449558,0.9912,0.7171176385472435,0.609
traditional,naive-bayes,-,-,-,-,-,-,+,-,-,+,-,+,-,-,-,-,0.5617773747449558,0.9912,0.7171176385472435,0.609
traditional,naive-bayes,-,-,-,-,-,-,+,-,-,+,-,-,-,-,+,-,0.5699882766705744,0.9724,0.71869918699187,0.6194
traditional,naive-bayes,-,-,-,-,-,-,+,-,-,+,-,-,-,-,-,-,0.5697211155378487,0.9724,0.7184867740505394,0.619
traditional,naive-bayes,-,-,-,-,-,-,+,-,-,-,+,+,-,-,+,-,0.5621033544877606,0.992,0.7175925925925926,0.6096
traditional,naive-bayes,-,-,-,-,-,-,+,-,-,-,+,+,-,-,-,-,0.5621033544877606,0.992,0.7175925925925926,0.6096
traditional,naive-bayes,-,-,-,-,-,-,+,-,-,-,+,-,-,-,+,-,0.5721649484536082,0.9768,0.7216312056737588,0.6232
traditional,naive-bayes,-,-,-,-,-,-,+,-,-,-,+,-,-,-,-,-,0.5722990391375674,0.9768,0.7217378454263337,0.6234
traditional,naive-bayes,-,-,-,-,-,-,+,-,-,-,-,+,-,-,+,-,0.5615227736233854,0.9912,0.7169101692463473,0.6086
traditional,naive-bayes,-,-,-,-,-,-,+,-,-,-,-,+,-,-,-,-,0.5615227736233854,0.9912,0.7169101692463473,0.6086
traditional,naive-bayes,-,-,-,-,-,-,+,-,-,-,-,-,-,-,+,-,0.5685219831618334,0.9724,0.7175324675324675,0.6172
traditional,naive-bayes,-,-,-,-,-,-,+,-,-,-,-,-,-,-,-,-,0.5678579771081523,0.9724,0.7170033918301135,0.6162
traditional,naive-bayes,-,-,-,-,-,-,-,+,+,+,+,+,-,-,+,-,0.5592149785698173,0.9916,0.7151305351218809,0.605
traditional,naive-bayes,-,-,-,-,-,-,-,+,+,+,+,+,-,-,-,-,0.5590888588182228,0.9916,0.715027401211422,0.6048
traditional,naive-bayes,-,-,-,-,-,-,-,+,+,+,+,-,-,-,+,-,0.5652173913043478,0.9828,0.7176865780633854,0.6134
traditional,naive-bayes,-,-,-,-,-,-,-,+,+,+,+,-,-,-,-,-,0.5649574614853989,0.9828,0.7174770039421813,0.613
traditional,naive-bayes,-,-,-,-,-,-,-,+,+,+,-,+,-,-,+,-,0.5592417061611374,0.9912,0.7150483335737989,0.605
traditional,naive-bayes,-,-,-,-,-,-,-,+,+,+,-,+,-,-,-,-,0.5591155234657039,0.9912,0.7149451817657241,0.6048
traditional,naive-bayes,-,-,-,-,-,-,-,+,+,+,-,-,-,-,+,-,0.5569478630566123,0.9956,0.7143062132300187,0.6018
traditional,naive-bayes,-,-,-,-,-,-,-,+,+,+,-,-,-,-,-,-,0.5563254358515869,0.9956,0.7137940923429881,0.6008
traditional,naive-bayes,-,-,-,-,-,-,-,+,+,-,+,+,-,-,+,-,0.5589627959413754,0.9916,0.7149242970439799,0.6046
traditional,naive-bayes,-,-,-,-,-,-,-,+,+,-,+,+,-,-,-,-,0.5588367899008115,0.9916,0.7148212226066897,0.6044
traditional,naive-bayes,-,-,-,-,-,-,-,+,+,-,+,-,-,-,+,-,0.5610146252285192,0.982,0.7140779522978477,0.6068
traditional,naive-bayes,-,-,-,-,-,-,-,+,+,-,+,-,-,-,-,-,0.5614997713763146,0.9824,0.7145766656968287,0.6076
traditional,naive-bayes,-,-,-,-,-,-,-,+,+,-,-,+,-,-,+,-,0.5588898916967509,0.9908,0.7146566647432198,0.6044
traditional,naive-bayes,-,-,-,-,-,-,-,+,+,-,-,+,-,-,-,-,0.5588898916967509,0.9908,0.7146566647432198,0.6044
traditional,naive-bayes,-,-,-,-,-,-,-,+,+,-,-,-,-,-,+,-,0.5539520426287744,0.998,0.7124500285551114,0.5972
traditional,naive-bayes,-,-,-,-,-,-,-,+,+,-,-,-,-,-,-,-,0.5544444444444444,0.998,0.7128571428571429,0.598
traditional,naive-bayes,-,-,-,-,-,-,-,+,-,+,+,+,-,-,+,-,0.5590888588182228,0.9916,0.715027401211422,0.6048
traditional,naive-bayes,-,-,-,-,-,-,-,+,-,+,+,+,-,-,-,-,0.5590888588182228,0.9916,0.715027401211422,0.6048
traditional,naive-bayes,-,-,-,-,-,-,-,+,-,+,+,-,-,-,+,-,0.5657287822878229,0.9812,0.7176711527208894,0.614
traditional,naive-bayes,-,-,-,-,-,-,-,+,-,+,+,-,-,-,-,-,0.565989847715736,0.9812,0.7178811823236757,0.6144
traditional,naive-bayes,-,-,-,-,-,-,-,+,-,+,-,+,-,-,+,-,0.5589893976990751,0.9912,0.7148420597144093,0.6046
traditional,naive-bayes,-,-,-,-,-,-,-,+,-,+,-,+,-,-,-,-,0.5589893976990751,0.9912,0.7148420597144093,0.6046
traditional,naive-bayes,-,-,-,-,-,-,-,+,-,+,-,-,-,-,+,-,0.5543672014260249,0.9952,0.7120778477389811,0.5976
traditional,naive-bayes,-,-,-,-,-,-,-,+,-,+,-,-,-,-,-,-,0.5549855007807272,0.9952,0.7125877130173279,0.5986
traditional,naive-bayes,-,-,-,-,-,-,-,+,-,-,+,+,-,-,+,-,0.5583596214511041,0.9912,0.714326895358893,0.6036
traditional,naive-bayes,-,-,-,-,-,-,-,+,-,-,+,+,-,-,-,-,0.5583596214511041,0.9912,0.714326895358893,0.6036
traditional,naive-bayes,-,-,-,-,-,-,-,+,-,-,+,-,-,-,+,-,0.5613672860747878,0.9788,0.7135150896632162,0.607
traditional,naive-bayes,-,-,-,-,-,-,-,+,-,-,+,-,-,-,-,-,0.561137875659555,0.9784,0.7132235019682169,0.6066
traditional,naive-bayes,-,-,-,-,-,-,-,+,-,-,-,+,-,-,+,-,0.5591422121896162,0.9908,0.7148629148629148,0.6048
traditional,naive-bayes,-,-,-,-,-,-,-,+,-,-,-,+,-,-,-,-,0.5591422121896162,0.9908,0.7148629148629148,0.6048
traditional,naive-bayes,-,-,-,-,-,-,-,+,-,-,-,-,-,-,+,-,0.5521132994025226,0.998,0.7109274825473714,0.5942
traditional,naive-bayes,-,-,-,-,-,-,-,+,-,-,-,-,-,-,-,-,0.5519149878237768,0.9972,0.7105600684053013,0.5938
traditional,naive-bayes,-,-,-,-,-,-,-,-,+,+,+,+,-,-,+,-,0.5592417061611374,0.9912,0.7150483335737989,0.605
traditional,naive-bayes,-,-,-,-,-,-,-,-,+,+,+,+,-,-,-,-,0.5592417061611374,0.9912,0.7150483335737989,0.605
traditional,naive-bayes,-,-,-,-,-,-,-,-,+,+,+,-,-,-,+,-,0.5658878504672897,0.9688,0.7144542772861356,0.6128
traditional,naive-bayes,-,-,-,-,-,-,-,-,+,+,+,-,-,-,-,-,0.5662228451296426,0.9696,0.7149387995870815,0.6134
traditional,naive-bayes,-,-,-,-,-,-,-,-,+,+,-,+,-,-,+,-,0.5586377988272441,0.9908,0.7144505336025383,0.604
traditional,naive-bayes,-,-,-,-,-,-,-,-,+,+,-,+,-,-,-,-,0.5585118376550169,0.9908,0.7143475126171593,0.6038
traditional,naive-bayes,-,-,-,-,-,-,-,-,+,+,-,-,-,-,+,-,0.5589824403421882,0.9932,0.7153558052434457,0.6048
traditional,naive-bayes,-,-,-,-,-,-,-,-,+,+,-,-,-,-,-,-,0.5563522294420793,0.9932,0.7131983340514145,0.6006
traditional,naive-bayes,-,-,-,-,-,-,-,-,+,-,+,+,-,-,+,-,0.5591155234657039,0.9912,0.7149451817657241,0.6048
traditional,naive-bayes,-,-,-,-,-,-,-,-,+,-,+,+,-,-,-,-,0.5592417061611374,0.9912,0.7150483335737989,0.605
traditional,naive-bayes,-,-,-,-,-,-,-,-,+,-,+,-,-,-,+,-,0.5596755504055619,0.966,0.7087307410124725,0.603
traditional,naive-bayes,-,-,-,-,-,-,-,-,+,-,+,-,-,-,-,-,0.5598330241187384,0.9656,0.7087492660011744,0.6032
traditional,naive-bayes,-,-,-,-,-,-,-,-,+,-,-,+,-,-,+,-,0.5586377988272441,0.9908,0.7144505336025383,0.604
traditional,naive-bayes,-,-,-,-,-,-,-,-,+,-,-,+,-,-,-,-,0.5586377988272441,0.9908,0.7144505336025383,0.604
traditional,naive-bayes,-,-,-,-,-,-,-,-,+,-,-,-,-,-,+,-,0.5544686527345487,0.9976,0.7127750785938839,0.598
traditional,naive-bayes,-,-,-,-,-,-,-,-,+,-,-,-,-,-,-,-,0.5513358357253256,0.9988,0.7104851330203443,0.593
traditional,naive-bayes,-,-,-,-,-,-,-,-,-,+,+,+,-,-,+,-,0.5591155234657039,0.9912,0.7149451817657241,0.6048
traditional,naive-bayes,-,-,-,-,-,-,-,-,-,+,+,+,-,-,-,-,0.5591155234657039,0.9912,0.7149451817657241,0.6048
traditional,naive-bayes,-,-,-,-,-,-,-,-,-,+,+,-,-,-,+,-,0.5650749063670412,0.9656,0.7129356172474897,0.6112
traditional,naive-bayes,-,-,-,-,-,-,-,-,-,+,+,-,-,-,-,-,0.5649426632342617,0.9656,0.7128303558245976,0.611
traditional,naive-bayes,-,-,-,-,-,-,-,-,-,+,-,+,-,-,+,-,0.5586377988272441,0.9908,0.7144505336025383,0.604
traditional,naive-bayes,-,-,-,-,-,-,-,-,-,+,-,+,-,-,-,-,0.5585118376550169,0.9908,0.7143475126171593,0.6038
traditional,naive-bayes,-,-,-,-,-,-,-,-,-,+,-,-,-,-,+,-,0.5320154705629566,0.9904,0.692200167738328,0.5596
traditional,naive-bayes,-,-,-,-,-,-,-,-,-,+,-,-,-,-,-,-,0.530520454058685,0.9908,0.6910308271725484,0.557
traditional,naive-bayes,-,-,-,-,-,-,-,-,-,-,+,+,-,-,+,-,0.5592417061611374,0.9912,0.7150483335737989,0.605
traditional,naive-bayes,-,-,-,-,-,-,-,-,-,-,+,+,-,-,-,-,0.5592417061611374,0.9912,0.7150483335737989,0.605
traditional,naive-bayes,-,-,-,-,-,-,-,-,-,-,+,-,-,-,+,-,0.559748427672956,0.9612,0.7074930075077287,0.6026
traditional,naive-bayes,-,-,-,-,-,-,-,-,-,-,+,-,-,-,-,-,0.5597762759263575,0.9608,0.707406862023266,0.6026
traditional,naive-bayes,-,-,-,-,-,-,-,-,-,-,-,+,-,-,+,-,0.5583859332732192,0.9908,0.7142445213379469,0.6036
traditional,naive-bayes,-,-,-,-,-,-,-,-,-,-,-,+,-,-,-,-,0.5583859332732192,0.9908,0.7142445213379469,0.6036
traditional,naive-bayes,-,-,-,-,-,-,-,-,-,-,-,-,-,-,+,-,0.5,0.4,0.4444444444444445,0.5
traditional,svm,-,-,-,-,-,-,+,+,+,+,+,+,+,-,+,+,0.7665647298674821,0.3008,0.4320597529445561,0.6046
traditional,svm,-,-,-,-,-,-,+,+,+,+,+,+,-,-,+,+,0.7386831275720165,0.2872,0.4135944700460829,0.5928
traditional,svm,-,-,-,-,-,-,+,+,+,+,+,+,+,-,+,-,0.7920353982300885,0.4296,0.5570539419087137,0.6584
traditional,svm,-,-,-,-,-,-,+,+,+,+,+,+,+,-,-,+,0.7633196721311475,0.298,0.4286536248561564,0.6028
traditional,svm,-,-,-,-,-,-,+,+,+,+,+,+,-,-,-,+,0.7346938775510204,0.288,0.4137931034482758,0.592
traditional,svm,-,-,-,-,-,-,+,+,+,+,+,+,+,-,-,-,0.7556200145032632,0.4168,0.5372518690384119,0.641
traditional,svm,-,-,-,-,-,-,+,+,+,+,+,-,+,-,+,+,0.6588720770288858,0.1916,0.2968701580415246,0.5462
traditional,svm,-,-,-,-,-,-,+,+,+,+,+,-,-,-,+,+,0.5755627009646302,0.2864,0.3824786324786325,0.5376
traditional,svm,-,-,-,-,-,-,+,+,+,+,+,-,+,-,+,-,0.7336956521739131,0.324,0.4495005549389567,0.6032
traditional,svm,-,-,-,-,-,-,+,+,+,+,+,-,+,-,-,+,0.6539509536784741,0.192,0.2968460111317254,0.5452
traditional,svm,-,-,-,-,-,-,+,+,+,+,+,-,-,-,-,+,0.5870646766169154,0.2832,0.3820831084727469,0.542
traditional,svm,-,-,-,-,-,-,+,+,+,+,+,-,+,-,-,-,0.671875,0.3096,0.4238773274917853,0.5792
traditional,svm,-,-,-,-,-,-,+,+,+,+,-,+,+,-,+,+,0.7435897435897436,0.2784,0.4051222351571594,0.5912
traditional,svm,-,-,-,-,-,-,+,+,+,+,-,+,-,-,+,+,0.6743169398907104,0.2468,0.3613469985358711,0.5638
traditional,svm,-,-,-,-,-,-,+,+,+,+,-,+,+,-,+,-,0.7774343122102009,0.4024,0.5303110173958882,0.6436
traditional,svm,-,-,-,-,-,-,+,+,+,+,-,+,+,-,-,+,0.7372421281216069,0.2716,0.3969599532300497,0.5874
traditional,svm,-,-,-,-,-,-,+,+,+,+,-,+,-,-,-,+,0.6796959826275787,0.2504,0.36597486115171,0.5662
traditional,svm,-,-,-,-,-,-,+,+,+,+,-,+,+,-,-,-,0.744343891402715,0.3948,0.5159435441714584,0.6296
traditional,svm,-,-,-,-,-,-,+,+,+,+,-,-,+,-,+,+,0.6347469220246238,0.1856,0.2872175796966883,0.5394
traditional,svm,-,-,-,-,-,-,+,+,+,+,-,-,-,-,+,+,0.5160875160875161,0.3208,0.3956586087814504,0.51
traditional,svm,-,-,-,-,-,-,+,+,+,+,-,-,+,-,+,-,0.7067603160667252,0.322,0.4424292388018687,0.5942
traditional,svm,-,-,-,-,-,-,+,+,+,+,-,-,+,-,-,+,0.6311475409836066,0.1848,0.2858910891089108,0.5384
traditional,svm,-,-,-,-,-,-,+,+,+,+,-,-,-,-,-,+,0.5363276089828269,0.3248,0.4045839561534629,0.522
traditional,svm,-,-,-,-,-,-,+,+,+,+,-,-,+,-,-,-,0.645743766122098,0.3004,0.41004641004641,0.5678
traditional,svm,-,-,-,-,-,-,+,+,+,-,+,+,+,-,+,+,0.7670396744659207,0.3016,0.4329600918748206,0.605
traditional,svm,-,-,-,-,-,-,+,+,+,-,+,+,-,-,+,+,0.7305327868852459,0.2852,0.4102416570771001,0.59
traditional,svm,-,-,-,-,-,-,+,+,+,-,+,+,+,-,+,-,0.7919117647058823,0.4308,0.5580310880829016,0.6588
traditional,svm,-,-,-,-,-,-,+,+,+,-,+,+,+,-,-,+,0.7607802874743327,0.2964,0.4265975820379966,0.6016
traditional,svm,-,-,-,-,-,-,+,+,+,-,+,+,-,-,-,+,0.7290388548057259,0.2852,0.4100057504312823,0.5896
traditional,svm,-,-,-,-,-,-,+,+,+,-,+,+,+,-,-,-,0.7572674418604651,0.4168,0.5376676986584108,0.6416
traditional,svm,-,-,-,-,-,-,+,+,+,-,+,-,+,-,+,+,0.6584022038567493,0.1912,0.296342219466832,0.546
traditional,svm,-,-,-,-,-,-,+,+,+,-,+,-,-,-,+,+,0.5585585585585585,0.2728,0.3665681268476216,0.5286
traditional,svm,-,-,-,-,-,-,+,+,+,-,+,-,+,-,+,-,0.7374551971326165,0.3292,0.4551991150442477,0.606
traditional,svm,-,-,-,-,-,-,+,+,+,-,+,-,+,-,-,+,0.6529492455418381,0.1904,0.2948281201610406,0.5446
traditional,svm,-,-,-,-,-,-,+,+,+,-,+,-,-,-,-,+,0.5729957805907173,0.2716,0.3685210312075984,0.5346
traditional,svm,-,-,-,-,-,-,+,+,+,-,+,-,+,-,-,-,0.6735751295336787,0.312,0.4264625478403498,0.5804
traditional,svm,-,-,-,-,-,-,+,+,+,-,-,+,+,-,+,+,0.7427652733118971,0.2772,0.4037285173317798,0.5906
traditional,svm,-,-,-,-,-,-,+,+,+,-,-,+,-,-,+,+,0.6746724890829694,0.2472,0.3618266978922717,0.564
traditional,svm,-,-,-,-,-,-,+,+,+,-,-,+,+,-,+,-,0.7744186046511627,0.3996,0.5271767810026385,0.6416
traditional,svm,-,-,-,-,-,-,+,+,+,-,-,+,+,-,-,+,0.7361563517915309,0.2712,0.3963753288512131,0.587
traditional,svm,-,-,-,-,-,-,+,+,+,-,-,+,-,-,-,+,0.6789587852494577,0.2504,0.3658679135008766,0.566
traditional,svm,-,-,-,-,-,-,+,+,+,-,-,+,+,-,-,-,0.7434358589647412,0.3964,0.5170884424732585,0.6298
traditional,svm,-,-,-,-,-,-,+,+,+,-,-,-,+,-,+,+,0.6338797814207651,0.1856,0.2871287128712871,0.5392
traditional,svm,-,-,-,-,-,-,+,+,+,-,-,-,-,-,+,+,0.5035598705501618,0.3112,0.384672435105068,0.5022
traditional,svm,-,-,-,-,-,-,+,+,+,-,-,-,+,-,+,-,0.703442188879082,0.3188,0.4387558491604734,0.5922
traditional,svm,-,-,-,-,-,-,+,+,+,-,-,-,+,-,-,+,0.6325136612021858,0.1852,0.286509900990099,0.5388
traditional,svm,-,-,-,-,-,-,+,+,+,-,-,-,-,-,-,+,0.5197324414715719,0.3108,0.3889862327909887,0.5118
traditional,svm,-,-,-,-,-,-,+,+,+,-,-,-,+,-,-,-,0.6457975986277873,0.3012,0.4108019639934533,0.568
traditional,svm,-,-,-,-,-,-,+,+,-,+,+,+,+,-,+,+,0.7725366876310272,0.2948,0.4267515923566878,0.604
traditional,svm,-,-,-,-,-,-,+,+,-,+,+,+,-,-,+,+,0.7322175732217573,0.28,0.4050925925925926,0.5888
traditional,svm,-,-,-,-,-,-,+,+,-,+,+,+,+,-,+,-,0.787518573551263,0.424,0.5512220488819553,0.6548
traditional,svm,-,-,-,-,-,-,+,+,-,+,+,+,+,-,-,+,0.7660695468914647,0.2908,0.4215714699913018,0.601
traditional,svm,-,-,-,-,-,-,+,+,-,+,+,+,-,-,-,+,0.72840790842872,0.28,0.4045073678127709,0.5878
traditional,svm,-,-,-,-,-,-,+,+,-,+,+,+,+,-,-,-,0.7540029112081513,0.4144,0.5348477026329375,0.6396
traditional,svm,-,-,-,-,-,-,+,+,-,+,+,-,+,-,+,+,0.667590027700831,0.1928,0.2991930477963997,0.5484
traditional,svm,-,-,-,-,-,-,+,+,-,+,+,-,-,-,+,+,0.5760517799352751,0.2848,0.3811563169164882,0.5376
traditional,svm,-,-,-,-,-,-,+,+,-,+,+,-,+,-,+,-,0.7403065825067628,0.3284,0.4549736769188141,0.6066
traditional,svm,-,-,-,-,-,-,+,+,-,+,+,-,+,-,-,+,0.664364640883978,0.1924,0.2983870967741935,0.5476
traditional,svm,-,-,-,-,-,-,+,+,-,+,+,-,-,-,-,+,0.5913978494623656,0.286,0.3855486654084659,0.5442
traditional,svm,-,-,-,-,-,-,+,+,-,+,+,-,+,-,-,-,0.6741963509991312,0.3104,0.4250890167077513,0.5802
traditional,svm,-,-,-,-,-,-,+,+,-,+,-,+,+,-,+,+,0.7425742574257426,0.27,0.3960105602816075,0.5882
traditional,svm,-,-,-,-,-,-,+,+,-,+,-,+,-,-,+,+,0.6781857451403888,0.2512,0.3666082895504962,0.566
traditional,svm,-,-,-,-,-,-,+,+,-,+,-,+,+,-,+,-,0.7765625,0.3976,0.525925925925926,0.6416
traditional,svm,-,-,-,-,-,-,+,+,-,+,-,+,+,-,-,+,0.7380688124306326,0.266,0.3910614525139664,0.5858
traditional,svm,-,-,-,-,-,-,+,+,-,+,-,+,-,-,-,+,0.6852846401718582,0.2552,0.371903235208394,0.569
traditional,svm,-,-,-,-,-,-,+,+,-,+,-,+,+,-,-,-,0.7384731670445956,0.3908,0.5111169238817682,0.6262
traditional,svm,-,-,-,-,-,-,+,+,-,+,-,-,+,-,+,+,0.6361149110807114,0.186,0.2878365831012071,0.5398
traditional,svm,-,-,-,-,-,-,+,+,-,+,-,-,-,-,+,+,0.525706940874036,0.3272,0.4033530571992111,0.516
traditional,svm,-,-,-,-,-,-,+,+,-,+,-,-,+,-,+,-,0.7094774136403897,0.3204,0.4414439239459906,0.5946
traditional,svm,-,-,-,-,-,-,+,+,-,+,-,-,+,-,-,+,0.6338797814207651,0.1856,0.2871287128712871,0.5392
traditional,svm,-,-,-,-,-,-,+,+,-,+,-,-,-,-,-,+,0.552228875582169,0.332,0.4146889832625531,0.5314
traditional,svm,-,-,-,-,-,-,+,+,-,+,-,-,+,-,-,-,0.6448275862068965,0.2992,0.4087431693989071,0.5672
traditional,svm,-,-,-,-,-,-,+,+,-,-,+,+,+,-,+,+,0.7709205020920502,0.2948,0.4265046296296297,0.6036
traditional,svm,-,-,-,-,-,-,+,+,-,-,+,+,-,-,+,+,0.7282157676348547,0.2808,0.405311778290993,0.588
traditional,svm,-,-,-,-,-,-,+,+,-,-,+,+,+,-,+,-,0.787518573551263,0.424,0.5512220488819553,0.6548
traditional,svm,-,-,-,-,-,-,+,+,-,-,+,+,+,-,-,+,0.7665615141955836,0.2916,0.4224862358736598,0.6014
traditional,svm,-,-,-,-,-,-,+,+,-,-,+,+,-,-,-,+,0.7271784232365145,0.2804,0.4047344110854504,0.5876
traditional,svm,-,-,-,-,-,-,+,+,-,-,+,+,+,-,-,-,0.7541576283441793,0.4172,0.5372134947205769,0.6406
traditional,svm,-,-,-,-,-,-,+,+,-,-,+,-,+,-,+,+,0.6607142857142857,0.1924,0.2980173482032218,0.5468
traditional,svm,-,-,-,-,-,-,+,+,-,-,+,-,-,-,+,+,0.5721311475409836,0.2792,0.375268817204301,0.5352
traditional,svm,-,-,-,-,-,-,+,+,-,-,+,-,+,-,+,-,0.7383093525179856,0.3284,0.4545957918050942,0.606
traditional,svm,-,-,-,-,-,-,+,+,-,-,+,-,+,-,-,+,0.6598079561042524,0.1924,0.2979250541963456,0.5466
traditional,svm,-,-,-,-,-,-,+,+,-,-,+,-,-,-,-,+,0.569620253164557,0.27,0.3663500678426051,0.533
traditional,svm,-,-,-,-,-,-,+,+,-,-,+,-,+,-,-,-,0.6756756756756757,0.31,0.4250068549492733,0.5806
traditional,svm,-,-,-,-,-,-,+,+,-,-,-,+,+,-,+,+,0.7414364640883978,0.2684,0.3941262848751836,0.5874
traditional,svm,-,-,-,-,-,-,+,+,-,-,-,+,-,-,+,+,0.6742671009771987,0.2484,0.363051739257527,0.5642
traditional,svm,-,-,-,-,-,-,+,+,-,-,-,+,+,-,+,-,0.7749419953596288,0.4008,0.528341682045874,0.6422
traditional,svm,-,-,-,-,-,-,+,+,-,-,-,+,+,-,-,+,0.7350332594235033,0.2652,0.3897707231040564,0.5848
traditional,svm,-,-,-,-,-,-,+,+,-,-,-,+,-,-,-,+,0.6818181818181818,0.252,0.3679906542056075,0.5672
traditional,svm,-,-,-,-,-,-,+,+,-,-,-,+,+,-,-,-,0.7405446293494705,0.3916,0.5122972265829409,0.6272
traditional,svm,-,-,-,-,-,-,+,+,-,-,-,-,+,-,+,+,0.6335149863760218,0.186,0.2875695732838589,0.5392
traditional,svm,-,-,-,-,-,-,+,+,-,-,-,-,-,-,+,+,0.5101910828025478,0.3204,0.3936117936117936,0.5064
traditional,svm,-,-,-,-,-,-,+,+,-,-,-,-,+,-,+,-,0.7086267605633803,0.322,0.4427942794279428,0.5948
traditional,svm,-,-,-,-,-,-,+,+,-,-,-,-,+,-,-,+,0.6342465753424658,0.1852,0.286687306501548,0.5392
traditional,svm,-,-,-,-,-,-,+,+,-,-,-,-,-,-,-,+,0.5266351989211059,0.3124,0.3921667085111725,0.5158
traditional,svm,-,-,-,-,-,-,+,+,-,-,-,-,+,-,-,-,0.6471600688468159,0.3008,0.4107045330420535,0.5684
traditional,svm,-,-,-,-,-,-,+,-,+,+,+,+,+,-,+,+,0.7696969696969697,0.3048,0.436676217765043,0.6068
traditional,svm,-,-,-,-,-,-,+,-,+,+,+,+,-,-,+,+,0.7325819672131147,0.286,0.4113924050632911,0.5908
traditional,svm,-,-,-,-,-,-,+,-,+,+,+,+,+,-,+,-,0.793205317577548,0.4296,0.557343020238713,0.6588
traditional,svm,-,-,-,-,-,-,+,-,+,+,+,+,+,-,-,+,0.7639311043566362,0.3016,0.4324634356180097,0.6042
traditional,svm,-,-,-,-,-,-,+,-,+,+,+,+,-,-,-,+,0.7300613496932515,0.2856,0.4105807935595169,0.59
traditional,svm,-,-,-,-,-,-,+,-,+,+,+,+,+,-,-,-,0.760932944606414,0.4176,0.5392561983471075,0.6432
traditional,svm,-,-,-,-,-,-,+,-,+,+,+,-,+,-,+,+,0.6605633802816901,0.1876,0.2922118380062305,0.5456
traditional,svm,-,-,-,-,-,-,+,-,+,+,+,-,-,-,+,+,0.541958041958042,0.248,0.3402854006586169,0.5192
traditional,svm,-,-,-,-,-,-,+,-,+,+,+,-,+,-,+,-,0.7358490566037735,0.3276,0.4533628563520619,0.605
traditional,svm,-,-,-,-,-,-,+,-,+,+,+,-,+,-,-,+,0.6619915848527349,0.1888,0.2938064114534703,0.5462
traditional,svm,-,-,-,-,-,-,+,-,+,+,+,-,-,-,-,+,0.5487364620938628,0.2432,0.3370288248337029,0.5216
traditional,svm,-,-,-,-,-,-,+,-,+,+,+,-,+,-,-,-,0.6710182767624021,0.3084,0.4225815291860784,0.5786
traditional,svm,-,-,-,-,-,-,+,-,+,+,-,+,+,-,+,+,0.7441113490364025,0.278,0.4047757716948165,0.5912
traditional,svm,-,-,-,-,-,-,+,-,+,+,-,+,-,-,+,+,0.6702819956616052,0.2472,0.3611922852133256,0.5628
traditional,svm,-,-,-,-,-,-,+,-,+,+,-,+,+,-,+,-,0.7812982998454405,0.4044,0.532946758039009,0.6456
traditional,svm,-,-,-,-,-,-,+,-,+,+,-,+,+,-,-,+,0.7395048439181916,0.2748,0.4006999125109361,0.589
traditional,svm,-,-,-,-,-,-,+,-,+,+,-,+,-,-,-,+,0.6749192680301399,0.2508,0.3657042869641295,0.565
traditional,svm,-,-,-,-,-,-,+,-,+,+,-,+,+,-,-,-,0.7471867966991748,0.3984,0.5196973649882598,0.6318
traditional,svm,-,-,-,-,-,-,+,-,+,+,-,-,+,-,+,+,0.6277472527472527,0.1828,0.2831474597273853,0.5372
traditional,svm,-,-,-,-,-,-,+,-,+,+,-,-,-,-,+,+,0.4485025566106647,0.2456,0.3173946756267769,0.4718
traditional,svm,-,-,-,-,-,-,+,-,+,+,-,-,+,-,+,-,0.7069271758436945,0.3184,0.4390512961941533,0.5932
traditional,svm,-,-,-,-,-,-,+,-,+,+,-,-,+,-,-,+,0.6277472527472527,0.1828,0.2831474597273853,0.5372
traditional,svm,-,-,-,-,-,-,+,-,+,+,-,-,-,-,-,+,0.486286137879911,0.2624,0.3408677578591843,0.4926
traditional,svm,-,-,-,-,-,-,+,-,+,+,-,-,+,-,-,-,0.6469580119965724,0.302,0.4117807472047995,0.5686
traditional,svm,-,-,-,-,-,-,+,-,+,-,+,+,+,-,+,+,0.7679112008072654,0.3044,0.4359782297336006,0.6062
traditional,svm,-,-,-,-,-,-,+,-,+,-,+,+,-,-,+,+,0.7308868501529052,0.2868,0.4119505889112324,0.5906
traditional,svm,-,-,-,-,-,-,+,-,+,-,+,+,+,-,+,-,0.7939438700147711,0.43,0.5578619615983393,0.6592
traditional,svm,-,-,-,-,-,-,+,-,+,-,+,+,+,-,-,+,0.7623862487360971,0.3016,0.4322155345371167,0.6038
traditional,svm,-,-,-,-,-,-,+,-,+,-,+,+,-,-,-,+,0.7293156281920327,0.2856,0.4104627766599598,0.5898
traditional,svm,-,-,-,-,-,-,+,-,+,-,+,+,+,-,-,-,0.7613138686131387,0.4172,0.5390180878552971,0.6432
traditional,svm,-,-,-,-,-,-,+,-,+,-,+,-,+,-,+,+,0.6530898876404494,0.186,0.2895392278953923,0.5436
traditional,svm,-,-,-,-,-,-,+,-,+,-,+,-,-,-,+,+,0.5234042553191489,0.246,0.3346938775510204,0.511
traditional,svm,-,-,-,-,-,-,+,-,+,-,+,-,+,-,+,-,0.7339857651245552,0.33,0.4552980132450331,0.6052
traditional,svm,-,-,-,-,-,-,+,-,+,-,+,-,+,-,-,+,0.6536312849162011,0.1872,0.291044776119403,0.544
traditional,svm,-,-,-,-,-,-,+,-,+,-,+,-,-,-,-,+,0.5280797101449275,0.2332,0.3235294117647058,0.5124
traditional,svm,-,-,-,-,-,-,+,-,+,-,+,-,+,-,-,-,0.6721595836947094,0.31,0.424308787298111,0.5794
traditional,svm,-,-,-,-,-,-,+,-,+,-,-,+,+,-,+,+,0.7425213675213675,0.278,0.4045401629802096,0.5908
traditional,svm,-,-,-,-,-,-,+,-,+,-,-,+,-,-,+,+,0.6706521739130434,0.2468,0.3608187134502923,0.5628
traditional,svm,-,-,-,-,-,-,+,-,+,-,-,+,+,-,+,-,0.7806949806949807,0.4044,0.532806324110672,0.6454
traditional,svm,-,-,-,-,-,-,+,-,+,-,-,+,+,-,-,+,0.7373519913885899,0.274,0.3995333916593759,0.5882
traditional,svm,-,-,-,-,-,-,+,-,+,-,-,+,-,-,-,+,0.6771397616468039,0.25,0.3651767455448437,0.5654
traditional,svm,-,-,-,-,-,-,+,-,+,-,-,+,+,-,-,-,0.7481259370314842,0.3992,0.5206051121544079,0.6324
traditional,svm,-,-,-,-,-,-,+,-,+,-,-,-,+,-,+,+,0.6301369863013698,0.184,0.284829721362229,0.538
traditional,svm,-,-,-,-,-,-,+,-,+,-,-,-,-,-,+,+,0.4332129963898917,0.24,0.3088803088803089,0.463
traditional,svm,-,-,-,-,-,-,+,-,+,-,-,-,+,-,+,-,0.7035087719298245,0.3208,0.4406593406593406,0.5928
traditional,svm,-,-,-,-,-,-,+,-,+,-,-,-,+,-,-,+,0.6226158038147139,0.1828,0.2826221397649969,0.536
traditional,svm,-,-,-,-,-,-,+,-,+,-,-,-,-,-,-,+,0.4640179910044977,0.2476,0.3229003651538862,0.4808
traditional,svm,-,-,-,-,-,-,+,-,+,-,-,-,+,-,-,-,0.6482582837723024,0.3052,0.4150122382376938,0.5698
traditional,svm,-,-,-,-,-,-,+,-,-,+,+,+,+,-,+,+,0.7772020725388601,0.3,0.4329004329004329,0.607
traditional,svm,-,-,-,-,-,-,+,-,-,+,+,+,-,-,+,+,0.7368421052631579,0.28,0.4057971014492754,0.59
traditional,svm,-,-,-,-,-,-,+,-,-,+,+,+,+,-,+,-,0.7923133776792314,0.4288,0.5564495198546587,0.6582
traditional,svm,-,-,-,-,-,-,+,-,-,+,+,+,+,-,-,+,0.768025078369906,0.294,0.4252241828174718,0.6026
traditional,svm,-,-,-,-,-,-,+,-,-,+,+,+,-,-,-,+,0.7302423603793466,0.2772,0.4018556103218325,0.5874
traditional,svm,-,-,-,-,-,-,+,-,-,+,+,+,+,-,-,-,0.7574437182280319,0.4172,0.5380448800619035,0.6418
traditional,svm,-,-,-,-,-,-,+,-,-,+,+,-,+,-,+,+,0.6625,0.1908,0.2962732919254658,0.5468
traditional,svm,-,-,-,-,-,-,+,-,-,+,+,-,-,-,+,+,0.5524475524475524,0.2528,0.3468715697036224,0.524
traditional,svm,-,-,-,-,-,-,+,-,-,+,+,-,+,-,+,-,0.7373558118899733,0.3324,0.4582299421009098,0.607
traditional,svm,-,-,-,-,-,-,+,-,-,+,+,-,+,-,-,+,0.6652777777777777,0.1916,0.2975155279503105,0.5476
traditional,svm,-,-,-,-,-,-,+,-,-,+,+,-,-,-,-,+,0.5609973285841496,0.252,0.347778084460392,0.5274
traditional,svm,-,-,-,-,-,-,+,-,-,+,+,-,+,-,-,-,0.6739130434782609,0.31,0.4246575342465754,0.58
traditional,svm,-,-,-,-,-,-,+,-,-,+,-,+,+,-,+,+,0.742145178764897,0.274,0.4002337131171487,0.5894
traditional,svm,-,-,-,-,-,-,+,-,-,+,-,+,-,-,+,+,0.6793066088840737,0.2508,0.3663453111305872,0.5662
traditional,svm,-,-,-,-,-,-,+,-,-,+,-,+,+,-,+,-,0.7814671814671814,0.4048,0.5333333333333333,0.6458
traditional,svm,-,-,-,-,-,-,+,-,-,+,-,+,+,-,-,+,0.7387486278814489,0.2692,0.3946056874816769,0.587
traditional,svm,-,-,-,-,-,-,+,-,-,+,-,+,-,-,-,+,0.6817204301075269,0.2536,0.3696793002915451,0.5676
traditional,svm,-,-,-,-,-,-,+,-,-,+,-,+,+,-,-,-,0.7450682852807283,0.3928,0.5144054478784704,0.6292
traditional,svm,-,-,-,-,-,-,+,-,-,+,-,-,+,-,+,+,0.6285714285714286,0.1848,0.2856259659969088,0.5378
traditional,svm,-,-,-,-,-,-,+,-,-,+,-,-,-,-,+,+,0.4606413994169096,0.2528,0.3264462809917355,0.4784
traditional,svm,-,-,-,-,-,-,+,-,-,+,-,-,+,-,+,-,0.7120280948200176,0.3244,0.4457268480351746,0.5966
traditional,svm,-,-,-,-,-,-,+,-,-,+,-,-,+,-,-,+,0.6246612466124661,0.1844,0.2847436689314391,0.5368
traditional,svm,-,-,-,-,-,-,+,-,-,+,-,-,-,-,-,+,0.5022026431718062,0.2736,0.3542206110823407,0.5012
traditional,svm,-,-,-,-,-,-,+,-,-,+,-,-,+,-,-,-,0.6524701873935264,0.3064,0.4169842133913989,0.5716
traditional,svm,-,-,-,-,-,-,+,-,-,-,+,+,+,-,+,+,0.774294670846395,0.2964,0.42869540063639,0.605
traditional,svm,-,-,-,-,-,-,+,-,-,-,+,+,-,-,+,+,0.7335423197492164,0.2808,0.406132484813422,0.5894
traditional,svm,-,-,-,-,-,-,+,-,-,-,+,+,+,-,+,-,0.7905255366395263,0.4272,0.5546611269800052,0.657
traditional,svm,-,-,-,-,-,-,+,-,-,-,+,+,+,-,-,+,0.768025078369906,0.294,0.4252241828174718,0.6026
traditional,svm,-,-,-,-,-,-,+,-,-,-,+,+,-,-,-,+,0.729758149316509,0.2776,0.4022022602144306,0.5874
traditional,svm,-,-,-,-,-,-,+,-,-,-,+,+,+,-,-,-,0.7578181818181818,0.4168,0.5378064516129033,0.6418
traditional,svm,-,-,-,-,-,-,+,-,-,-,+,-,+,-,+,+,0.661134163208852,0.1912,0.2966180577102079,0.5466
traditional,svm,-,-,-,-,-,-,+,-,-,-,+,-,-,-,+,+,0.5374787052810903,0.2524,0.3434948285247686,0.5176
traditional,svm,-,-,-,-,-,-,+,-,-,-,+,-,+,-,+,-,0.7368421052631579,0.3304,0.456227561447114,0.6062
traditional,svm,-,-,-,-,-,-,+,-,-,-,+,-,+,-,-,+,0.6602209944751382,0.1912,0.2965260545905707,0.5464
traditional,svm,-,-,-,-,-,-,+,-,-,-,+,-,-,-,-,+,0.5339892665474061,0.2388,0.3300165837479271,0.5152
traditional,svm,-,-,-,-,-,-,+,-,-,-,+,-,+,-,-,-,0.6753022452504318,0.3128,0.4275560415527611,0.5812
traditional,svm,-,-,-,-,-,-,+,-,-,-,-,+,+,-,+,+,0.7418300653594772,0.2724,0.398478642480983,0.5888
traditional,svm,-,-,-,-,-,-,+,-,-,-,-,+,-,-,+,+,0.6724324324324324,0.2488,0.3632116788321167,0.5638
traditional,svm,-,-,-,-,-,-,+,-,-,-,-,+,+,-,+,-,0.7799227799227799,0.404,0.5322793148880105,0.645
traditional,svm,-,-,-,-,-,-,+,-,-,-,-,+,+,-,-,+,0.7384615384615385,0.2688,0.3941348973607038,0.5868
traditional,svm,-,-,-,-,-,-,+,-,-,-,-,+,-,-,-,+,0.678494623655914,0.2524,0.367930029154519,0.5664
traditional,svm,-,-,-,-,-,-,+,-,-,-,-,+,+,-,-,-,0.743202416918429,0.3936,0.5146443514644351,0.6288
traditional,svm,-,-,-,-,-,-,+,-,-,-,-,-,+,-,+,+,0.6263440860215054,0.1864,0.2872996300863132,0.5376
traditional,svm,-,-,-,-,-,-,+,-,-,-,-,-,-,-,+,+,0.4407142857142857,0.2468,0.3164102564102564,0.4668
traditional,svm,-,-,-,-,-,-,+,-,-,-,-,-,+,-,+,-,0.7074652777777778,0.326,0.4463307776560789,0.5956
traditional,svm,-,-,-,-,-,-,+,-,-,-,-,-,+,-,-,+,0.6234817813765182,0.1848,0.285097192224622,0.5366
traditional,svm,-,-,-,-,-,-,+,-,-,-,-,-,-,-,-,+,0.4730941704035874,0.2532,0.3298593017196456,0.4856
traditional,svm,-,-,-,-,-,-,+,-,-,-,-,-,+,-,-,-,0.6536833192209992,0.3088,0.419451236077153,0.5726
traditional,svm,-,-,-,-,-,-,-,+,+,+,+,+,+,-,+,+,0.7600827300930714,0.294,0.4239976925295645,0.6006
traditional,svm,-,-,-,-,-,-,-,+,+,+,+,+,-,-,+,+,0.7220512820512821,0.2816,0.4051798561151079,0.5866
traditional,svm,-,-,-,-,-,-,-,+,+,+,+,+,+,-,+,-,0.7878566203365033,0.4308,0.5570209464701319,0.6574
traditional,svm,-,-,-,-,-,-,-,+,+,+,+,+,+,-,-,+,0.7515723270440252,0.2868,0.4151708164447018,0.596
traditional,svm,-,-,-,-,-,-,-,+,+,+,+,+,-,-,-,+,0.7220512820512821,0.2816,0.4051798561151079,0.5866
traditional,svm,-,-,-,-,-,-,-,+,+,+,+,+,+,-,-,-,0.7516245487364621,0.4164,0.535907335907336,0.6394
traditional,svm,-,-,-,-,-,-,-,+,+,+,+,-,+,-,+,+,0.6386206896551724,0.1852,0.2871317829457364,0.5402
traditional,svm,-,-,-,-,-,-,-,+,+,+,+,-,-,-,+,+,0.5078671328671329,0.2324,0.3188803512623491,0.5036
traditional,svm,-,-,-,-,-,-,-,+,+,+,+,-,+,-,+,-,0.7182222222222222,0.3232,0.4457931034482758,0.5982
traditional,svm,-,-,-,-,-,-,-,+,+,+,+,-,+,-,-,+,0.6354883081155434,0.1848,0.2863340563991323,0.5394
traditional,svm,-,-,-,-,-,-,-,+,+,+,+,-,-,-,-,+,0.5258780036968577,0.2276,0.3176996091568955,0.5112
traditional,svm,-,-,-,-,-,-,-,+,+,+,+,-,+,-,-,-,0.6587091069849691,0.298,0.410355274029193,0.5718
traditional,svm,-,-,-,-,-,-,-,+,+,+,-,+,+,-,+,+,0.7257889009793254,0.2668,0.3901725650775079,0.583
traditional,svm,-,-,-,-,-,-,-,+,+,+,-,+,-,-,+,+,0.6713362068965517,0.2492,0.3634772462077013,0.5636
traditional,svm,-,-,-,-,-,-,-,+,+,+,-,+,+,-,+,-,0.7723146747352496,0.4084,0.5342752485609629,0.644
traditional,svm,-,-,-,-,-,-,-,+,+,+,-,+,+,-,-,+,0.7258771929824561,0.2648,0.388042203985932,0.5824
traditional,svm,-,-,-,-,-,-,-,+,+,+,-,+,-,-,-,+,0.6781485468245425,0.252,0.3674540682414698,0.5662
traditional,svm,-,-,-,-,-,-,-,+,+,+,-,+,+,-,-,-,0.7407407407407407,0.4,0.5194805194805194,0.63
traditional,svm,-,-,-,-,-,-,-,+,+,+,-,-,+,-,+,+,0.6073871409028728,0.1776,0.2748375116063138,0.5314
traditional,svm,-,-,-,-,-,-,-,+,+,+,-,-,-,-,+,+,0.4296241709653647,0.2332,0.3023074928701063,0.4618
traditional,svm,-,-,-,-,-,-,-,+,+,+,-,-,+,-,+,-,0.6876075731497419,0.3196,0.4363735663571819,0.5872
traditional,svm,-,-,-,-,-,-,-,+,+,+,-,-,+,-,-,+,0.6016371077762619,0.1764,0.2728116300649552,0.5298
traditional,svm,-,-,-,-,-,-,-,+,+,+,-,-,-,-,-,+,0.4580498866213152,0.2424,0.3170285116400733,0.4778
traditional,svm,-,-,-,-,-,-,-,+,+,+,-,-,+,-,-,-,0.6345177664974619,0.3,0.407387289516567,0.5636
traditional,svm,-,-,-,-,-,-,-,+,+,-,+,+,+,-,+,+,0.7590486039296794,0.2936,0.4234208249206808,0.6002
traditional,svm,-,-,-,-,-,-,-,+,+,-,+,+,-,-,+,+,0.7186858316221766,0.28,0.4029936672423719,0.5852
traditional,svm,-,-,-,-,-,-,-,+,+,-,+,+,+,-,+,-,0.7868131868131868,0.4296,0.5557567917205691,0.6566
traditional,svm,-,-,-,-,-,-,-,+,+,-,+,+,+,-,-,+,0.7526315789473684,0.286,0.4144927536231884,0.596
traditional,svm,-,-,-,-,-,-,-,+,+,-,+,+,-,-,-,+,0.718974358974359,0.2804,0.4034532374100719,0.5854
traditional,svm,-,-,-,-,-,-,-,+,+,-,+,+,+,-,-,-,0.7491013659237958,0.4168,0.5355949627345156,0.6386
traditional,svm,-,-,-,-,-,-,-,+,+,-,+,-,+,-,+,+,0.6377622377622377,0.1824,0.2836702954898911,0.5394
traditional,svm,-,-,-,-,-,-,-,+,+,-,+,-,-,-,+,+,0.4849863512283894,0.2132,0.2961933870519588,0.4934
traditional,svm,-,-,-,-,-,-,-,+,+,-,+,-,+,-,+,-,0.7169642857142857,0.3212,0.443646408839779,0.5972
traditional,svm,-,-,-,-,-,-,-,+,+,-,+,-,+,-,-,+,0.6377622377622377,0.1824,0.2836702954898911,0.5394
traditional,svm,-,-,-,-,-,-,-,+,+,-,+,-,-,-,-,+,0.471356783919598,0.1876,0.2683834048640915,0.4886
traditional,svm,-,-,-,-,-,-,-,+,+,-,+,-,+,-,-,-,0.6605263157894737,0.3012,0.4137362637362637,0.5732
traditional,svm,-,-,-,-,-,-,-,+,+,-,-,+,+,-,+,+,0.7291440953412784,0.2692,0.3932223196026877,0.5846
traditional,svm,-,-,-,-,-,-,-,+,+,-,-,+,-,-,+,+,0.6684607104413348,0.2484,0.3622047244094488,0.5626
traditional,svm,-,-,-,-,-,-,-,+,+,-,-,+,+,-,+,-,0.7716236722306525,0.4068,0.532739654269251,0.6432
traditional,svm,-,-,-,-,-,-,-,+,+,-,-,+,+,-,-,+,0.7265795206971678,0.2668,0.3902867173785839,0.5832
traditional,svm,-,-,-,-,-,-,-,+,+,-,-,+,-,-,-,+,0.6787620064034151,0.2544,0.3700901949374454,0.567
traditional,svm,-,-,-,-,-,-,-,+,+,-,-,+,+,-,-,-,0.7396449704142012,0.4,0.5192107995846315,0.6296
traditional,svm,-,-,-,-,-,-,-,+,+,-,-,-,+,-,+,+,0.6030013642564802,0.1768,0.2734302505412929,0.5302
traditional,svm,-,-,-,-,-,-,-,+,+,-,-,-,-,-,+,+,0.4031296572280178,0.2164,0.2816241540864133,0.448
traditional,svm,-,-,-,-,-,-,-,+,+,-,-,-,+,-,+,-,0.6857876712328768,0.3204,0.4367502726281352,0.5868
traditional,svm,-,-,-,-,-,-,-,+,+,-,-,-,+,-,-,+,0.6030013642564802,0.1768,0.2734302505412929,0.5302
traditional,svm,-,-,-,-,-,-,-,+,+,-,-,-,-,-,-,+,0.4047424366312346,0.198,0.2659145850120871,0.4534
traditional,svm,-,-,-,-,-,-,-,+,+,-,-,-,+,-,-,-,0.6370494551550713,0.304,0.4115894936366098,0.5654
traditional,svm,-,-,-,-,-,-,-,+,-,+,+,+,+,-,+,+,0.753731343283582,0.2828,0.4112856311809191,0.5952
traditional,svm,-,-,-,-,-,-,-,+,-,+,+,+,-,-,+,+,0.717391304347826,0.2772,0.3998845931909983,0.584
traditional,svm,-,-,-,-,-,-,-,+,-,+,+,+,+,-,+,-,0.7857672349888807,0.424,0.5507924136139257,0.6542
traditional,svm,-,-,-,-,-,-,-,+,-,+,+,+,+,-,-,+,0.7489224137931034,0.278,0.4054842473745624,0.5924
traditional,svm,-,-,-,-,-,-,-,+,-,+,+,+,-,-,-,+,0.7147302904564315,0.2756,0.3978060046189377,0.5828
traditional,svm,-,-,-,-,-,-,-,+,-,+,+,+,+,-,-,-,0.7458120903131829,0.4096,0.5287890524141493,0.635
traditional,svm,-,-,-,-,-,-,-,+,-,+,+,-,+,-,+,+,0.635343618513324,0.1812,0.2819794584500467,0.5386
traditional,svm,-,-,-,-,-,-,-,+,-,+,+,-,-,-,+,+,0.5101143359718557,0.232,0.3189441847676657,0.5046
traditional,svm,-,-,-,-,-,-,-,+,-,+,+,-,+,-,+,-,0.7229129662522202,0.3256,0.4489795918367347,0.6004
traditional,svm,-,-,-,-,-,-,-,+,-,+,+,-,+,-,-,+,0.6348314606741573,0.1808,0.2814445828144458,0.5384
traditional,svm,-,-,-,-,-,-,-,+,-,+,+,-,-,-,-,+,0.521978021978022,0.228,0.3173719376391982,0.5096
traditional,svm,-,-,-,-,-,-,-,+,-,+,+,-,+,-,-,-,0.6710296684118674,0.3076,0.4218321448162369,0.5784
traditional,svm,-,-,-,-,-,-,-,+,-,+,-,+,+,-,+,+,0.7311111111111112,0.2632,0.3870588235294118,0.5832
traditional,svm,-,-,-,-,-,-,-,+,-,+,-,+,-,-,+,+,0.6638115631691649,0.248,0.361094933022714,0.5612
traditional,svm,-,-,-,-,-,-,-,+,-,+,-,+,+,-,+,-,0.7678300455235205,0.4048,0.5301204819277109,0.6412
traditional,svm,-,-,-,-,-,-,-,+,-,+,-,+,+,-,-,+,0.7287946428571429,0.2612,0.3845700824499411,0.582
traditional,svm,-,-,-,-,-,-,-,+,-,+,-,+,-,-,-,+,0.6720085470085471,0.2516,0.3661233993015134,0.5644
traditional,svm,-,-,-,-,-,-,-,+,-,+,-,+,+,-,-,-,0.7339719970523213,0.3984,0.5164635727249157,0.627
traditional,svm,-,-,-,-,-,-,-,+,-,+,-,-,+,-,+,+,0.6095890410958904,0.178,0.2755417956656347,0.532
traditional,svm,-,-,-,-,-,-,-,+,-,+,-,-,-,-,+,+,0.438953488372093,0.2416,0.3116615067079463,0.4664
traditional,svm,-,-,-,-,-,-,-,+,-,+,-,-,+,-,+,-,0.7026793431287813,0.3252,0.4446267432321575,0.5938
traditional,svm,-,-,-,-,-,-,-,+,-,+,-,-,+,-,-,+,0.6060191518467852,0.1772,0.2742185082017951,0.531
traditional,svm,-,-,-,-,-,-,-,+,-,+,-,-,-,-,-,+,0.4659525631216526,0.2436,0.3199369582348306,0.4822
traditional,svm,-,-,-,-,-,-,-,+,-,+,-,-,+,-,-,-,0.6429780033840947,0.304,0.4128191200434546,0.5676
traditional,svm,-,-,-,-,-,-,-,+,-,-,+,+,+,-,+,+,0.7540106951871658,0.282,0.4104803493449782,0.595
traditional,svm,-,-,-,-,-,-,-,+,-,-,+,+,-,-,+,+,0.7108559498956158,0.2724,0.3938692886061307,0.5808
traditional,svm,-,-,-,-,-,-,-,+,-,-,+,+,+,-,+,-,0.7849702380952381,0.422,0.548907388137357,0.6532
traditional,svm,-,-,-,-,-,-,-,+,-,-,+,+,+,-,-,+,0.7508055853920516,0.2796,0.4074613815214223,0.5934
traditional,svm,-,-,-,-,-,-,-,+,-,-,+,+,-,-,-,+,0.7122002085505735,0.2732,0.3949118242266551,0.5814
traditional,svm,-,-,-,-,-,-,-,+,-,-,+,+,+,-,-,-,0.7461928934010152,0.4116,0.5305491105955142,0.6358
traditional,svm,-,-,-,-,-,-,-,+,-,-,+,-,+,-,+,+,0.6323943661971831,0.1796,0.2797507788161993,0.5376
traditional,svm,-,-,-,-,-,-,-,+,-,-,+,-,-,-,+,+,0.481981981981982,0.214,0.296398891966759,0.492
traditional,svm,-,-,-,-,-,-,-,+,-,-,+,-,+,-,+,-,0.7144112478031635,0.3252,0.4469488730071468,0.5976
traditional,svm,-,-,-,-,-,-,-,+,-,-,+,-,+,-,-,+,0.6315049226441631,0.1796,0.2796636561818748,0.5374
traditional,svm,-,-,-,-,-,-,-,+,-,-,+,-,-,-,-,+,0.4691235059760956,0.1884,0.2688356164383562,0.4876
traditional,svm,-,-,-,-,-,-,-,+,-,-,+,-,+,-,-,-,0.6681109185441941,0.3084,0.4220032840722496,0.5776
traditional,svm,-,-,-,-,-,-,-,+,-,-,-,+,+,-,+,+,0.730299667036626,0.2632,0.3869450161717142,0.583
traditional,svm,-,-,-,-,-,-,-,+,-,-,-,+,-,-,+,+,0.6630785791173305,0.2464,0.3592884222805482,0.5606
traditional,svm,-,-,-,-,-,-,-,+,-,-,-,+,+,-,+,-,0.7657657657657657,0.408,0.5323590814196242,0.6416
traditional,svm,-,-,-,-,-,-,-,+,-,-,-,+,+,-,-,+,0.7293986636971047,0.262,0.3855208946439082,0.5824
traditional,svm,-,-,-,-,-,-,-,+,-,-,-,+,-,-,-,+,0.677038626609442,0.2524,0.3677156177156177,0.566
traditional,svm,-,-,-,-,-,-,-,+,-,-,-,+,+,-,-,-,0.731420161883738,0.3976,0.5151593677118425,0.6258
traditional,svm,-,-,-,-,-,-,-,+,-,-,-,-,+,-,+,+,0.6032831737346102,0.1764,0.2729805013927576,0.5302
traditional,svm,-,-,-,-,-,-,-,+,-,-,-,-,-,-,+,+,0.4097744360902255,0.218,0.2845953002610966,0.452
traditional,svm,-,-,-,-,-,-,-,+,-,-,-,-,+,-,+,-,0.6996557659208261,0.3252,0.44401966138722,0.5928
traditional,svm,-,-,-,-,-,-,-,+,-,-,-,-,+,-,-,+,0.6032831737346102,0.1764,0.2729805013927576,0.5302
traditional,svm,-,-,-,-,-,-,-,+,-,-,-,-,-,-,-,+,0.4124386252045826,0.2016,0.2708221386351424,0.4572
traditional,svm,-,-,-,-,-,-,-,+,-,-,-,-,+,-,-,-,0.6463210702341137,0.3092,0.4182900432900432,0.57
traditional,svm,-,-,-,-,-,-,-,-,+,+,+,+,+,-,+,+,0.7579814624098867,0.2944,0.4240852780178622,0.6002
traditional,svm,-,-,-,-,-,-,-,-,+,+,+,+,-,-,+,+,0.71900826446281,0.2784,0.4013840830449827,0.5848
traditional,svm,-,-,-,-,-,-,-,-,+,+,+,+,+,-,+,-,0.7855579868708972,0.4308,0.5564453629553088,0.6566
traditional,svm,-,-,-,-,-,-,-,-,+,+,+,+,+,-,-,+,0.755440414507772,0.2916,0.4207792207792208,0.5986
traditional,svm,-,-,-,-,-,-,-,-,+,+,+,+,-,-,-,+,0.7199170124481328,0.2776,0.4006928406466513,0.5848
traditional,svm,-,-,-,-,-,-,-,-,+,+,+,+,+,-,-,-,0.7538015930485156,0.4164,0.5364596753414068,0.6402
traditional,svm,-,-,-,-,-,-,-,-,+,+,+,-,+,-,+,+,0.6369770580296896,0.1888,0.2912681271212589,0.5406
traditional,svm,-,-,-,-,-,-,-,-,+,+,+,-,-,-,+,+,0.5034965034965035,0.2304,0.3161361141602634,0.5016
traditional,svm,-,-,-,-,-,-,-,-,+,+,+,-,+,-,+,-,0.7211961301671064,0.328,0.4509210888094583,0.6006
traditional,svm,-,-,-,-,-,-,-,-,+,+,+,-,+,-,-,+,0.6342780026990553,0.188,0.2900339401419315,0.5398
traditional,svm,-,-,-,-,-,-,-,-,+,+,+,-,-,-,-,+,0.5177434030937216,0.2276,0.316198944151153,0.5078
traditional,svm,-,-,-,-,-,-,-,-,+,+,+,-,+,-,-,-,0.6626609442060086,0.3088,0.4212824010914052,0.5758
traditional,svm,-,-,-,-,-,-,-,-,+,+,-,+,+,-,+,+,0.7292576419213974,0.2672,0.3911007025761124,0.584
traditional,svm,-,-,-,-,-,-,-,-,+,+,-,+,-,-,+,+,0.6620021528525296,0.246,0.3587051618547681,0.5602
traditional,svm,-,-,-,-,-,-,-,-,+,+,-,+,+,-,+,-,0.7695817490494297,0.4048,0.5305373525557011,0.6418
traditional,svm,-,-,-,-,-,-,-,-,+,+,-,+,+,-,-,+,0.7282608695652174,0.268,0.391812865497076,0.584
traditional,svm,-,-,-,-,-,-,-,-,+,+,-,+,-,-,-,+,0.6702241195304163,0.2512,0.3654349723596159,0.5638
traditional,svm,-,-,-,-,-,-,-,-,+,+,-,+,+,-,-,-,0.7407407407407407,0.4,0.5194805194805194,0.63
traditional,svm,-,-,-,-,-,-,-,-,+,+,-,-,+,-,+,+,0.5902503293807642,0.1792,0.2749309604173059,0.5274
traditional,svm,-,-,-,-,-,-,-,-,+,+,-,-,-,-,+,+,0.4225878833208676,0.226,0.2945009121709669,0.4586
traditional,svm,-,-,-,-,-,-,-,-,+,+,-,-,+,-,+,-,0.6893039049235993,0.3248,0.4415443175638934,0.5892
traditional,svm,-,-,-,-,-,-,-,-,+,+,-,-,+,-,-,+,0.5842105263157895,0.1776,0.2723926380368098,0.5256
traditional,svm,-,-,-,-,-,-,-,-,+,+,-,-,-,-,-,+,0.4413793103448276,0.2304,0.3027595269382391,0.4694
traditional,svm,-,-,-,-,-,-,-,-,+,+,-,-,+,-,-,-,0.6258223684210527,0.3044,0.4095801937567276,0.5612
traditional,svm,-,-,-,-,-,-,-,-,+,-,+,+,+,-,+,+,0.760577915376677,0.2948,0.4249063130585183,0.601
traditional,svm,-,-,-,-,-,-,-,-,+,-,+,+,-,-,+,+,0.7191709844559585,0.2776,0.4005772005772006,0.5846
traditional,svm,-,-,-,-,-,-,-,-,+,-,+,+,+,-,+,-,0.7888970051132214,0.432,0.5582837942620833,0.6582
traditional,svm,-,-,-,-,-,-,-,-,+,-,+,+,+,-,-,+,0.7565036420395421,0.2908,0.4201097948569777,0.5986
traditional,svm,-,-,-,-,-,-,-,-,+,-,+,+,-,-,-,+,0.7199170124481328,0.2776,0.4006928406466513,0.5848
traditional,svm,-,-,-,-,-,-,-,-,+,-,+,+,+,-,-,-,0.7541456380677721,0.4184,0.5382042706457422,0.641
traditional,svm,-,-,-,-,-,-,-,-,+,-,+,-,+,-,+,+,0.6344086021505376,0.1888,0.2909987669543773,0.54
traditional,svm,-,-,-,-,-,-,-,-,+,-,+,-,-,-,+,+,0.4784560143626571,0.2132,0.2949640287769784,0.4904
traditional,svm,-,-,-,-,-,-,-,-,+,-,+,-,+,-,+,-,0.7131647776809067,0.3272,0.4485878804496847,0.5978
traditional,svm,-,-,-,-,-,-,-,-,+,-,+,-,+,-,-,+,0.6325706594885598,0.188,0.2898550724637681,0.5394
traditional,svm,-,-,-,-,-,-,-,-,+,-,+,-,-,-,-,+,0.4812623274161736,0.1952,0.2777461582242458,0.4924
traditional,svm,-,-,-,-,-,-,-,-,+,-,+,-,+,-,-,-,0.6660914581535806,0.3088,0.4219732167258814,0.577
traditional,svm,-,-,-,-,-,-,-,-,+,-,-,+,+,-,+,+,0.7281659388646288,0.2668,0.3905152224824356,0.5836
traditional,svm,-,-,-,-,-,-,-,-,+,-,-,+,-,-,+,+,0.664876476906552,0.2476,0.3608277470125328,0.5614
traditional,svm,-,-,-,-,-,-,-,-,+,-,-,+,+,-,+,-,0.7676003028009084,0.4056,0.5307511122742739,0.6414
traditional,svm,-,-,-,-,-,-,-,-,+,-,-,+,+,-,-,+,0.7269736842105263,0.2652,0.3886283704572099,0.5828
traditional,svm,-,-,-,-,-,-,-,-,+,-,-,+,-,-,-,+,0.6763129689174705,0.2524,0.3676085056801631,0.5658
traditional,svm,-,-,-,-,-,-,-,-,+,-,-,+,+,-,-,-,0.7382005899705014,0.4004,0.5191908713692945,0.6292
traditional,svm,-,-,-,-,-,-,-,-,+,-,-,-,+,-,+,+,0.5877659574468085,0.1768,0.2718327183271833,0.5264
traditional,svm,-,-,-,-,-,-,-,-,+,-,-,-,-,-,+,+,0.3919022154316272,0.2052,0.269362037280126,0.4434
traditional,svm,-,-,-,-,-,-,-,-,+,-,-,-,+,-,+,-,0.6881270903010034,0.3292,0.4453463203463203,0.59
traditional,svm,-,-,-,-,-,-,-,-,+,-,-,-,+,-,-,+,0.586436170212766,0.1764,0.2712177121771217,0.526
traditional,svm,-,-,-,-,-,-,-,-,+,-,-,-,-,-,-,+,0.3975103734439834,0.1916,0.2585695006747638,0.4506
traditional,svm,-,-,-,-,-,-,-,-,+,-,-,-,+,-,-,-,0.630718954248366,0.3088,0.4146079484425349,0.564
traditional,svm,-,-,-,-,-,-,-,-,-,+,+,+,+,-,+,+,0.7550585729499467,0.2836,0.4123291654550741,0.5958
traditional,svm,-,-,-,-,-,-,-,-,-,+,+,+,-,-,+,+,0.71898197242842,0.2712,0.3938425791460935,0.5826
traditional,svm,-,-,-,-,-,-,-,-,-,+,+,+,+,-,+,-,0.7816691505216096,0.4196,0.5460697553357626,0.6512
traditional,svm,-,-,-,-,-,-,-,-,-,+,+,+,+,-,-,+,0.75,0.2796,0.4073426573426573,0.5932
traditional,svm,-,-,-,-,-,-,-,-,-,+,+,+,-,-,-,+,0.7161152614727855,0.2684,0.3904567937154495,0.581
traditional,svm,-,-,-,-,-,-,-,-,-,+,+,+,+,-,-,-,0.7452415812591509,0.4072,0.5266425245732023,0.634
traditional,svm,-,-,-,-,-,-,-,-,-,+,+,-,+,-,+,+,0.6286472148541115,0.1896,0.2913337430854333,0.5388
traditional,svm,-,-,-,-,-,-,-,-,-,+,+,-,-,-,+,+,0.4900260190806591,0.226,0.3093347933205584,0.4954
traditional,svm,-,-,-,-,-,-,-,-,-,+,+,-,+,-,+,-,0.7210481825866442,0.3412,0.4632093402117839,0.6046
traditional,svm,-,-,-,-,-,-,-,-,-,+,+,-,+,-,-,+,0.6251655629139072,0.1888,0.2900153609831029,0.5378
traditional,svm,-,-,-,-,-,-,-,-,-,+,+,-,-,-,-,+,0.5077062556663645,0.224,0.3108520677213433,0.5034
traditional,svm,-,-,-,-,-,-,-,-,-,+,+,-,+,-,-,-,0.6652926628194559,0.3228,0.4346889307837328,0.5802
traditional,svm,-,-,-,-,-,-,-,-,-,+,-,+,+,-,+,+,0.7257889009793254,0.2668,0.3901725650775079,0.583
traditional,svm,-,-,-,-,-,-,-,-,-,+,-,+,-,-,+,+,0.6655737704918033,0.2436,0.3566617862371889,0.5606
traditional,svm,-,-,-,-,-,-,-,-,-,+,-,+,+,-,+,-,0.7695817490494297,0.4048,0.5305373525557011,0.6418
traditional,svm,-,-,-,-,-,-,-,-,-,+,-,+,+,-,-,+,0.7230098146128681,0.2652,0.3880597014925373,0.5818
traditional,svm,-,-,-,-,-,-,-,-,-,+,-,+,-,-,-,+,0.6746203904555315,0.2488,0.3635300993571011,0.5644
traditional,svm,-,-,-,-,-,-,-,-,-,+,-,+,+,-,-,-,0.7341678939617083,0.3988,0.51684810782789,0.6272
traditional,svm,-,-,-,-,-,-,-,-,-,+,-,-,+,-,+,+,0.5974193548387097,0.1852,0.2827480916030534,0.5302
traditional,svm,-,-,-,-,-,-,-,-,-,+,-,-,-,-,+,+,0.4371541501976284,0.2212,0.2937583001328021,0.4682
traditional,svm,-,-,-,-,-,-,-,-,-,+,-,-,+,-,+,-,0.7016528925619835,0.3396,0.4576819407008086,0.5976
traditional,svm,-,-,-,-,-,-,-,-,-,+,-,-,+,-,-,+,0.5932642487046632,0.1832,0.2799511002444987,0.5288
traditional,svm,-,-,-,-,-,-,-,-,-,+,-,-,-,-,-,+,0.454619787408013,0.2224,0.2986838571044856,0.4778
traditional,svm,-,-,-,-,-,-,-,-,-,+,-,-,+,-,-,-,0.6418269230769231,0.3204,0.4274279615795091,0.5708
traditional,svm,-,-,-,-,-,-,-,-,-,-,+,+,+,-,+,+,0.7524012806830309,0.282,0.4102414896712248,0.5946
traditional,svm,-,-,-,-,-,-,-,-,-,-,+,+,-,-,+,+,0.7164502164502164,0.2648,0.3866822429906542,0.58
traditional,svm,-,-,-,-,-,-,-,-,-,-,+,+,+,-,+,-,0.7818317200297841,0.42,0.546448087431694,0.6514
traditional,svm,-,-,-,-,-,-,-,-,-,-,+,+,+,-,-,+,0.75,0.2796,0.4073426573426573,0.5932
traditional,svm,-,-,-,-,-,-,-,-,-,-,+,+,-,-,-,+,0.7183098591549296,0.2652,0.3873794916739702,0.5806
traditional,svm,-,-,-,-,-,-,-,-,-,-,+,+,+,-,-,-,0.743947175348496,0.4056,0.5249805850375356,0.633
traditional,svm,-,-,-,-,-,-,-,-,-,-,+,-,+,-,+,+,0.6278145695364239,0.1896,0.2912442396313364,0.5386
traditional,svm,-,-,-,-,-,-,-,-,-,-,+,-,-,-,+,+,0.4755989352262644,0.2144,0.2955610697546181,0.489
traditional,svm,-,-,-,-,-,-,-,-,-,-,+,-,+,-,+,-,0.7191201353637902,0.34,0.4617055947854427,0.6036
traditional,svm,-,-,-,-,-,-,-,-,-,-,+,-,+,-,-,+,0.6208718626155878,0.188,0.2886091495241019,0.5366
traditional,svm,-,-,-,-,-,-,-,-,-,-,+,-,-,-,-,+,0.4830188679245283,0.2048,0.2876404494382023,0.4928
traditional,svm,-,-,-,-,-,-,-,-,-,-,+,-,+,-,-,-,0.6661184210526315,0.324,0.4359526372443488,0.5808
traditional,svm,-,-,-,-,-,-,-,-,-,-,-,+,+,-,+,+,0.724400871459695,0.266,0.3891164423639555,0.5824
traditional,svm,-,-,-,-,-,-,-,-,-,-,-,+,-,-,+,+,0.6637554585152838,0.2432,0.3559718969555035,0.56
traditional,svm,-,-,-,-,-,-,-,-,-,-,-,+,+,-,+,-,0.7680060652009097,0.4052,0.5305053678973554,0.6414
traditional,svm,-,-,-,-,-,-,-,-,-,-,-,+,+,-,-,+,0.7231270358306189,0.2664,0.3893598363051739,0.5822
traditional,svm,-,-,-,-,-,-,-,-,-,-,-,+,-,-,-,+,0.6710239651416122,0.2464,0.3604447045055587,0.5628
traditional,svm,-,-,-,-,-,-,-,-,-,-,-,+,+,-,-,-,0.7338709677419355,0.4004,0.5181159420289855,0.6276
traditional,svm,-,-,-,-,-,-,-,-,-,-,-,-,+,-,+,+,0.5932642487046632,0.1832,0.2799511002444987,0.5288
traditional,svm,-,-,-,-,-,-,-,-,-,-,-,-,-,-,+,+,0.4056525353283458,0.1952,0.2635700783148798,0.4546
traditional,svm,-,-,-,-,-,-,-,-,-,-,-,-,+,-,+,-,0.6964725184577523,0.3396,0.4565743479429955,0.5958
traditional,svm,-,-,-,-,-,-,-,-,-,-,-,-,+,-,-,+,0.5917312661498708,0.1832,0.2797800855222969,0.5284
traditional,svm,-,-,-,-,-,-,-,-,-,-,-,-,-,-,-,+,0.4281818181818181,0.1884,0.2616666666666667,0.4684
traditional,svm,-,-,-,-,-,-,-,-,-,-,-,-,+,-,-,-,0.645186953062848,0.3244,0.4317274421080649,0.573
